﻿,id,title,comment,default_sentiment,like_count,customer_id,rating_star,customer_name
0,19244848,Hài lòng,"hy vọng từ nay shop hãy bán hàng, sản phẩm đúng hình ảnh video clip đăng quảng cáo đến tay khách hàng, mặc dù shop có đổi cái khác nhưng vẫn không đúng như shop đăng bán trên shop sen đỏ thanks ",Tốt,0,2023499156,4,Võ Minh Tiến
1,19241164,Tuyệt vời,đẹp như mô tả. đóng gói kỹ lưỡng. chất lượng tuyệt vời. giá tốt. hình ảnh mang tính minh họa  hàng chất sẽ ủng hộ tiếp tục mua làm quà cho các cụ khổi chê,Tốt,0,2013164622,5,VĂN THÀNH
2,19217024,Tuyệt vời,đẹp như mô tả. đóng gói kỹ lưỡng. giá tốt. đẹp như mô tả đóng gói kỹ lưỡng giá tốt máy tes thử chạy tốt lâu dài chưa biết ,Tốt,0,2040721343,5,Đánh giá ẩn danh
3,19173540,Hài lòng,đóng gói kỹ. đúng mô tả. giá hợp lý. giao hàng nhanh. máy  chạy  đặt  màu  bạc  giao  màu  đỏ   ,Tốt,0,2034617352,4,lê cẩm tú
4,19158898,Tuyệt vời,"032242cho con dâu 5 triệu đi du lịch, nhìn món quà con mang về tôi bắt xe về quê luôn  cẩm tú   ngày 08/07/2023, 09 36  ",Tốt,0,2015649655,5,nguyen dung
5,19132310,Tuyệt vời,"chuyên nghiệp, thân thiện. đẹp như mô tả. đóng gói kỹ lưỡng. chất lượng tuyệt vời. giá tốt. giao hàng nhanh bất ngờ. quá tuyệt vời. giá rẻ mà dùng rất tốt ",Tốt,0,2034830596,5,Hà Minh Hải
6,19231298,Không hài lòng,chất lượng cần tốt hơn. máy xài 1 lần sạc điện không vô ,Xấu,0,2027454836,1,mai xuan diu
7,19225648,Tuyệt vời,"chuyên nghiệp, thân thiện. đẹp như mô tả. chất lượng tuyệt vời. giá tốt. giao hàng nhanh bất ngờ. mình mua 2 lần 4 cái rồi quá ok",Tốt,0,2028126538,5, Hoangquy 
8,19218024,Tuyệt vời,đẹp như mô tả. chất lượng tuyệt vời. giá tốt. sẽ ủng hộ shop và giới thiệu bạn bè nữa ạ sản phẩm tốt mọi người nên mua ok shop ,Tốt,0,2040243924,5,Phan Thị Huyền Trang
9,19216449,Tuyệt vời,đẹp như mô tả. đóng gói kỹ lưỡng. chất lượng tuyệt vời. giá tốt. trên sen đỏ. báo đơn hàng đã bị hủy.  song hôm nay hàng vẩn đến.  mình rất bực.  tính không lấy luôn.  song vì trời mưa.  tôi síp bơ.  nên mình vẩn lấy.  sop nên sem lại nhé ,Tốt,0,2038637794,5,Đức Nguyễn
10,19201483,Tuyệt vời,"chuyên nghiệp, thân thiện. ok",Tốt,0,2036411752,5,dien lanh gia khang
11,19200531,Tuyệt vời,"chuyên nghiệp, thân thiện. đẹp như mô tả. đóng gói kỹ lưỡng. giao hàng nhanh bất ngờ. giá tốt. hoi loi mot chut nhung sua dctruoc khi gui hang nen kiem tra truoc thi hon",Tốt,0,2019411373,5,Bùi An
12,19173459,Tuyệt vời,shop thái nguyên giao hàng nhanh như một cơn lốc ,Tốt,0,2038691167,5,Hân Phạm
13,19166225,Tuyệt vời,"chuyên nghiệp, thân thiện. đẹp như mô tả. giá tốt. đã mua và dùng mấy ngày thấy khá ổn độ bền chờ thời gian trả lời.  hôm nay tiếp tục mua ủng hộ shop cái nữa. ",Tốt,0,2013682406,5,chien le
14,19166224,Tuyệt vời,"chuyên nghiệp, thân thiện. đẹp như mô tả. giá tốt. đã mua và dùng mấy ngày thấy khá ổn độ bền chờ thời gian trả lời.  hôm nay tiếp tục mua ủng hộ shop cái nữa. ",Tốt,2,2013682406,5,chien le
15,19102794,Tuyệt vời,"giao hàng nhanh, nhìn đúng hình ảnh mo ta. sài thử thay cung ok . chat luong thi sai thoi gian moi biet. neu ổn định thi se mua them nữa. ",Tốt,0,2030125901,5,Huynh Hong
16,19260024,Tuyệt vời,"chuyên nghiệp, thân thiện. đẹp như mô tả. đóng gói kỹ lưỡng. chất lượng tuyệt vời. giá tốt. giao hàng nhanh bất ngờ. wwwooaaaa toẹt vời..   ",Tốt,0,2023622964,5,Nguyen Luong Thang
17,19237008,Tuyệt vời,hàng đúng như mô tả thấy cũng được lần sau ủng hộ shop nhiều hơn cho shop 5 sao ,Tốt,0,2036337382,5,Anh Phượng
18,19232697,Tuyệt vời,"chuyên nghiệp, thân thiện. đẹp như mô tả. đóng gói kỹ lưỡng. chất lượng tuyệt vời. giá tốt. giao hàng nhanh bất ngờ. ok như mong đợi",Tốt,0,2026816600,5,Le Cuong
19,19232572,Không hài lòng,"hàng lỗi khó đổi . gọi shop báo nhắn tin qua zalo, nhắn xong ko trả lời .",Xấu,0,2021584456,1,Dương Hải Đăng
20,19218094,Tuyệt vời,"chuyên nghiệp, thân thiện. đẹp như mô tả. đóng gói kỹ lưỡng. chất lượng tuyệt vời. giá tốt. giao hàng nhanh bất ngờ. ",Tốt,0,2042110599,5,Đánh giá ẩn danh
21,19202346,Tuyệt vời,đóng gói kỹ lưỡng. giá tốt. ,Tốt,0,2013068077,5,Nguyễn Hữu Phước
22,19202179,Tuyệt vời,rất tuyệt vời. sẽ ủng hộ shop tiếp tục. mọi gia đình cần sắm cho mình một cái ,Tốt,0,2025629699,5,B. Toàn
23,19201043,Hài lòng,"đợi hơi lâu nhưng cũng nhận được hàng, mới sài nên chưa biết có bền ko tạm thời cho 4 sao ",Tốt,0,2024138281,4,Đánh giá ẩn danh
24,19198015,Tuyệt vời,máy ổn giống như quảng cáo nhưng ko biết có bền ko. sử dụng rồi mới biết. phù hợp với giá tiền ,Tốt,0,2039160482,5,quan
25,19196904,Tuyệt vời,giống hình ảnh. tes thử rất ok.  ,Tốt,0,2039713739,5,Ngọc Vũ
26,19196581,Hài lòng,mua 2 cái .1 cái ko sử dụng đc cho 3 sao ,Tốt,0,2033359581,4,ngoccamnguyen
27,19191529,Tuyệt vời,"chuyên nghiệp, thân thiện. chất lượng giá cả phù hợp dùng tốt mọi người nên dùng",Tốt,0,2037294955,5,le văn Bắc
28,19152250,Tuyệt vời,ko giống video,Tốt,0,2041484689,5,Long Nguyễn Đình
29,19151587,Tuyệt vời,đẹp như mô tả. chất lượng tuyệt vời. giá tốt. hàng tốt giá lại rẻ .còn bền hay không thì chưa sài chưa biết .trước mắt thấy ok ,Tốt,0,2020934073,5,0*** 
30,19117172,Tuyệt vời,không biết có bền không nhưng hiện tại dùng rất tốt,Tốt,0,2019891582,5,Đại Dương
31,19102292,Tuyệt vời,đẹp như mô tả. đóng gói kỹ lưỡng. ,Tốt,0,2028140591,5,Đánh giá ẩn danh
32,19100296,Tuyệt vời,đẹp như mô tả. đóng gói kỹ lưỡng. máy ổn shop chuẩn bị hàng đúng 2p rất nhanh,Tốt,1,2041741588,5,nguyễn văn cường
33,19077346,Tuyệt vời,"chuyên nghiệp, thân thiện. đẹp như mô tả. đóng gói kỹ lưỡng. chất lượng tuyệt vời. giá tốt. giao hàng nhanh bất ngờ. ok tốt trong tầm giá",Tốt,0,2021185298,5,Lê Trọng Toàn
34,19055656,Tuyệt vời,hàng đã được giao. do khoảng cách xa nên giao hơi lâu tạm chấp nhận được. lúc giao thì pin gần đầy. chất lượng thì phải dùng thử thời gian mới biết được nhưng có thử thì máy khá mạnh. giá khá rẻ nên mua.,Tốt,0,2034768898,5,Đánh giá ẩn danh
35,19003383,Tuyệt vời,"chuyên nghiệp, thân thiện. đẹp như mô tả. đóng gói kỹ lưỡng. chất lượng tuyệt vời. giá tốt. giao hàng nhanh bất ngờ. súng nhỏ gọn nhưng mạnh mẽ, có 2 chế độ rung, bt rung nhẹ, dí xuống sẽ rung mạnh, máy có 2 quả pin 3.7v, motor 775 mạnh mẽ, sạc type c khá tiện",Tốt,0,2021009806,5,Đàm Quang
36,18981012,Tuyệt vời,"chuyên nghiệp, thân thiện. đẹp như mô tả. đóng gói kỹ lưỡng. chất lượng tuyệt vời. giá tốt. giao hàng nhanh bất ngờ. sản phẩm quá tuyệt vời  nhân viên giao hàng  shop tư vấn nhiệt tình ",Tốt,2,2022391742,5,Nguyen Thanh Liem
37,19289815,Tuyệt vời,"chuyên nghiệp, thân thiện. đẹp như mô tả. đóng gói kỹ lưỡng. chất lượng tuyệt vời. giá tốt. giao hàng nhanh bất ngờ. ",Tốt,0,2014136059,5,Huỳnh tấn Quyết
38,19286196,Tuyệt vời,"chuyên nghiệp, thân thiện. đẹp như mô tả. đóng gói kỹ lưỡng. chất lượng tuyệt vời. giá tốt. giao hàng nhanh bất ngờ. ",Tốt,0,2033112053,5,Doan Thi Thu
39,19261703,Tuyệt vời,xài ok ,Tốt,0,2031098139,5,Đức Quy Lê
40,19260876,Tuyệt vời,đóng gói kỹ lưỡng. chất lượng tuyệt vời. giá tốt. giao hàng nhanh bất ngờ. ,Tốt,0,2040397841,5,kpuih sên
41,19253433,Tuyệt vời,"chuyên nghiệp, thân thiện. đẹp như mô tả. chất lượng tuyệt vời. ",Tốt,0,2040886835,5,Nguyễn Văn Long
42,19251365,Tuyệt vời,"chuyên nghiệp, thân thiện. đẹp như mô tả. chất lượng tuyệt vời. giá tốt. giao hàng nhanh bất ngờ. ",Tốt,0,2037554697,5,Bình Vũ
43,19250271,Tuyệt vời,"chuyên nghiệp, thân thiện. đóng gói kỹ lưỡng. chất lượng tuyệt vời. giá tốt. ",Tốt,0,2022633093,5,Đánh giá ẩn danh
44,19243625,Tuyệt vời,"chuyên nghiệp, thân thiện. đẹp như mô tả. đóng gói kỹ lưỡng. chất lượng tuyệt vời. giá tốt. ",Tốt,0,2030122297,5,tranvanchau
45,19240094,Tuyệt vời,"chuyên nghiệp, thân thiện. đẹp như mô tả. đóng gói kỹ lưỡng. chất lượng tuyệt vời. giá tốt. giao hàng nhanh bất ngờ. ",Tốt,0,2035573053,5,Danh thị như Ý
46,19239476,Tuyệt vời,ok,Tốt,0,2027077595,5,Nguyenngoc
47,19238840,Tuyệt vời,"chuyên nghiệp, thân thiện. đẹp như mô tả. đóng gói kỹ lưỡng. chất lượng tuyệt vời. giá tốt. giao hàng nhanh bất ngờ. ",Tốt,0,2024697317,5,hoang nguyen van
48,19233947,Tuyệt vời,"chuyên nghiệp, thân thiện. đẹp như mô tả. đóng gói kỹ lưỡng. giá tốt. ",Tốt,0,2030206976,5,Nguyễn Đăng Khoa
49,19224238,Tạm hài lòng,mao het pin,Bình thường,0,2033749304,3,Phạm thiên phú
50,19224170,Tuyệt vời,đẹp như mô tả. đóng gói kỹ lưỡng. chất lượng tuyệt vời. giá tốt. ,Tốt,0,2025848435,5,Hoa Nguyen huu
51,19219688,Tuyệt vời,"chuyên nghiệp, thân thiện. đẹp như mô tả. đóng gói kỹ lưỡng. giá tốt. giao hàng nhanh bất ngờ. ",Tốt,0,2022359834,5,Võ Xuân Khanh
52,19217310,Tuyệt vời,"chuyên nghiệp, thân thiện. đẹp như mô tả. đóng gói kỹ lưỡng. chất lượng tuyệt vời. giá tốt. giao hàng nhanh bất ngờ. ",Tốt,0,2013533295,5,Dang Than Pham
53,19215164,Tuyệt vời,đẹp như mô tả. đóng gói kỹ lưỡng. giá tốt. ,Tốt,0,2042006211,5,0*** 
54,19214380,Tuyệt vời,đẹp như mô tả.  chất lượng tuyệt vời  ,Tốt,0,2032910510,5, Nguyen thanh toan
55,19214309,Tuyệt vời,"chuyên nghiệp, thân thiện. đẹp như mô tả. chất lượng tuyệt vời. giá tốt. ",Tốt,0,2041196207,5,lý văn khánh
56,19213162,Tuyệt vời,chất lượng tuyệt vời. rất ok nha shop ,Tốt,0,2042091265,5,Bùi Luân
57,19211410,Tuyệt vời,tốt ,Tốt,0,2042072852,5,Phạm Văn Hồng
58,19210917,Tuyệt vời,đẹp như mô tả. sài ok,Tốt,0,2032910510,5, Nguyen thanh toan
59,19208913,Tuyệt vời,"chuyên nghiệp, thân thiện. đẹp như mô tả. đóng gói kỹ lưỡng. chất lượng tuyệt vời. giá tốt. giao hàng nhanh bất ngờ. ",Tốt,0,2022198838,5,Hùng Nguyễn Văn
60,19205458,Tuyệt vời,rất tốt. mua 2 lần rồi,Tốt,0,2025629699,5,B. Toàn
61,19205273,Tuyệt vời,giá tốt. ok,Tốt,0,2023129467,5,nguyquangm
62,19205158,Tuyệt vời,đẹp như mô tả. giá tốt. chất lượng tuyệt vời. ,Tốt,0,2019274764,5,kim văn hiển
63,19204841,Tuyệt vời,"chuyên nghiệp, thân thiện. đẹp như mô tả. đóng gói kỹ lưỡng. ",Tốt,0,2038559473,5,ha loc phat
64,19200947,Tuyệt vời,"chuyên nghiệp, thân thiện. đẹp như mô tả. đóng gói kỹ lưỡng. chất lượng tuyệt vời. giá tốt. ",Tốt,0,2036335925,5,Đinh Quốc Hào
65,19198418,Tuyệt vời,"chuyên nghiệp, thân thiện. đẹp như mô tả. đóng gói kỹ lưỡng. chất lượng tuyệt vời. giá tốt. ",Tốt,0,2038187542,5,Huỳnh văn Phát
66,19197717,Tuyệt vời,"chuyên nghiệp, thân thiện. đẹp như mô tả. đóng gói kỹ lưỡng. chất lượng tuyệt vời. giá tốt. ",Tốt,0,2039269213,5,Ha Quy
67,19196474,Tuyệt vời,"chuyên nghiệp, thân thiện. đẹp như mô tả. chất lượng tuyệt vời. giá tốt. ",Tốt,0,2038947821,5,tân 3 gác
68,19161673,Tuyệt vời,giá tốt. giao hàng nhanh bất ngờ. ,Tốt,0,2012933452,5,Đánh giá ẩn danh
69,19159938,Tuyệt vời,"chuyên nghiệp, thân thiện. đẹp như mô tả. đóng gói kỹ lưỡng. chất lượng tuyệt vời. giá tốt. giao hàng nhanh bất ngờ. dịch vụ tuyệt vời",Tốt,0,2040088670,5,Đỗ Đình Hiến
70,19158330,Tuyệt vời,"chuyên nghiệp, thân thiện. ",Tốt,0,2022665154,5,Lưu Hồng Nhật
71,19154396,Tuyệt vời,đẹp như mô tả. chất lượng tuyệt vời. ,Tốt,0,2029697077,5,linh nguyễn
72,19147188,Tuyệt vời,sao ko hoat dong dc vay shop. chi minh voi,Tốt,0,2041847678,5,đăng
73,19146811,Tuyệt vời,chất lượng tuyệt vời. giá tốt. .nhận hàng vô mở xem thế nào. loay hoay mãi khong xong rồi.mình  gọi shop hướng dẫn. xong giờ sp thật sự trên cả tuyệt vời. mình không nghĩ tới sp quá ok giá mình cho là quá rẻ lun.cảm ơn shop.chỉ mất chưa tới 200k mình có lại sp hơn mình mong muốn nhé. có sp nào thích hợp mình sẽ ủng hộ shop tiếp tục nhé... ,Tốt,0,2022529186,5,nguyên Hằng
74,19137050,Tuyệt vời,tuyệt vời đúng sản phẩm cảm ơn shop mọi người nên mua và ủng hộ shop uy tín ,Tốt,0,2041798310,5,Nguyễn Nguyễn
75,19136966,Hài lòng,  cục sạc không có đầu làm sao sạc,Tốt,0,2038496326,4,Đàng Huỳnh
76,19135433,Tuyệt vời,sản phẩm nhìn ok. còn chất lượng như thế nào sử dụng sẽ biết kết quả ,Tốt,0,2031752121,5,Nguyễn xuân việt
77,19135304,Tuyệt vời,giao hang nhanh  . hàng đúng mô tả. đa mua lan 2 sài rat hài lòng. ,Tốt,0,2030125901,5,Huynh Hong
78,19121719,Tuyệt vời,đẹp như mô tả. ok ,Tốt,0,2018974668,5,Bolero Khải
79,19121215,Không hài lòng,"sạc không vô pin,sản phẩm quá tệ",Xấu,0,2020306044,1,Võ văn lý
80,19119775,Tuyệt vời,đơn hàng sản phẩm bị loi nhỏ shop đối lại dùm ,Tốt,0,2040118507,5,doan tan tham
81,19119241,Tuyệt vời,"chuyên nghiệp, thân thiện. đẹp như mô tả. đóng gói kỹ lưỡng. chất lượng tuyệt vời. giá tốt. giao hàng nhanh bất ngờ. hàng tốt chất lượng",Tốt,0,2028829354,5,Tâm Trần
82,19118726,Tuyệt vời,shop đóng gói sản phẩm kỹ giao đúng mẫu mình đặt  rất ưng ý tặng shop 5 sao nè ,Tốt,0,2041777005,5,Diệp thị bạch Cúc
83,19117757,Hài lòng,đúng mô tả. sản phẩm đung mô tả...chat lượng rất ok..,Tốt,0,2027146262,4,Dương Ngọc Khương
84,19113149,Tuyệt vời,đẹp như mô tả. giá tốt. ok ,Tốt,0,2018974668,5,Bolero Khải
85,19112799,Tuyệt vời,"rất tuyệt vời, dễ dùng, và rất đẹp. cảm ơn sốp se ủng hộ sốp",Tốt,0,2023807639,5,Đinh Hải Châu
86,19100131,Tuyệt vời,sản phẩm ok lắm nhé mọi người,Tốt,0,2020470205,5,Đánh giá ẩn danh
87,19095978,Tuyệt vời,"chuyên nghiệp, thân thiện. đẹp như mô tả. đóng gói kỹ lưỡng. chất lượng tuyệt vời. giá tốt. giao hàng nhanh bất ngờ. sản phẩm tốt, như mô tả, mọi người nên mua",Tốt,0,2021597047,5,Trần Trung Việt
88,19094436,Tuyệt vời,"chuyên nghiệp, thân thiện. đẹp như mô tả. đóng gói kỹ lưỡng. giá tốt. giao hàng hơi chậm",Tốt,0,2015884986,5,Danh Sầm Nang
89,19086296,Tuyệt vời,"chuyên nghiệp, thân thiện. đẹp như mô tả. đóng gói kỹ lưỡng. giao hàng nhanh bất ngờ. ok  nhung chat luong thi dung moi biet dk",Tốt,0,2030175287,5,Tìm Em
90,19076671,Tuyệt vời,chất lượng tuyệt vời. ok hàng tốt   ,Tốt,0,2041708305,5,TRẦN DANH
91,19067921,Tạm hài lòng,máy ok nhưng không có củ sạc nên phải mua thêm ngoài,Bình thường,0,2013095313,3,Nguyễn Lai
92,19067669,Tuyệt vời,chất lượng tuyệt vời. hang xài quá đã luôn ủng hộ shop sau nữa nha,Tốt,0,2038722384,5,Phạm thu Hoài
93,19066973,Tuyệt vời,đẹp như mô tả. đóng gói kỹ lưỡng. máy kiểm tra hoạt động tốt nhưng chưa biết có bền không ,Tốt,0,2020307814,5,Đánh giá ẩn danh
94,19057775,Tuyệt vời,đóng gói kỹ lưỡng. giá tốt. tạm đánh giá 5 sao. chất lượng chưa biết thấy sử dụng cũng tốt cần thời gian sử dụng để xem độ bền. mẫu bạc nhìn khá đẹp. ko biết sử dụng lâu có khô nhớt ko   và sử lý thế nào    ,Tốt,0,2020096871,5,Huỳnh Tiểu Quý
95,19041305,Tuyệt vời,đẹp như mô tả. ,Tốt,0,2028330670,5,huynhthiquyen
96,19035165,Tuyệt vời,"chuyên nghiệp, thân thiện. đẹp như mô tả. đóng gói kỹ lưỡng. chất lượng tuyệt vời. giá tốt. giao hàng nhanh bất ngờ. ",Tốt,0,2034171277,5,Tu My
97,19026878,Tuyệt vời,"giao hàng đúng hẹn hàng giống mô tả nhưng không có thương hiệu rõ ràng máy hoạt động rất ok còn độ bền thì chờ xem sao, tóm lại hàng cũng khá là ok mong các bạn tham khảo để sắm cho mình một chiếc máy ưng ý nhé ",Tốt,0,2041309191,5,Phạm Minh Khánh
98,19004813,Tuyệt vời,"chuyên nghiệp, thân thiện. đẹp như mô tả. đóng gói kỹ lưỡng. chất lượng tuyệt vời. giá tốt. giao hàng nhanh bất ngờ. shop giao hàng nhanh, nhưng không hiểu sao viettel đem hàng về đến trạm trung chuyển cần thơ rồi nằm đó luôn mất mấy ngày hic ",Tốt,0,2034104756,5,0*** 
99,19002598,Hài lòng,"đặt máy đen mà giao máy xanh,độ bền phải dùng mới biết ",Tốt,0,2034492898,4,le ha
100,18997508,Tuyệt vời,đẹp như mô tả. chất lượng tuyệt vời. giao hàng nhanh bất ngờ. ,Tốt,0,2020093569,5,chuong nguyen
101,18989921,Tuyệt vời,"chuyên nghiệp, thân thiện. đẹp như mô tả. đóng gói kỹ lưỡng. chất lượng tuyệt vời. giá tốt. giao hàng nhanh bất ngờ. mình mua mấy cái rồi...lam qua tặng ng nhà rất thích....ủng hộ shop ...tăng shop 5sao ",Tốt,0,2028089696,5,minh trang
102,18989535,Tuyệt vời,đẹp như mô tả. chất lượng tuyệt vời. ,Tốt,0,2014438966,5,tuan ha
103,18980241,Tuyệt vời,đóng gói kỹ lưỡng. chất lượng tuyệt vời. ok,Tốt,0,2022953434,5,0*** 
104,18954859,Tuyệt vời,"chuyên nghiệp, thân thiện. đẹp như mô tả. đóng gói kỹ lưỡng. chất lượng tuyệt vời. giá tốt. giao hàng nhanh bất ngờ. hàng đẹp chất lượng ok massage rất sướng cho những nhóm cơ bị mỏi giá cả hợp lý shop uy tín nên mua hàng ở đây có cho kiểm tra hàng khi nhận ",Tốt,0,2013867968,5,Lê Nguyên Bá
105,18944672,Tuyệt vời,"chuyên nghiệp, thân thiện. đẹp như mô tả. đóng gói kỹ lưỡng. chất lượng tuyệt vời. giá tốt. giao hàng nhanh bất ngờ. rất tuyêt vời máy sạc điện nên độ rung rất mạnh chấm 5 sao luôn ",Tốt,0,2021663588,5,PHAM THI THU
106,18943657,Tuyệt vời,rất hài lòng với sản phẩm ạ ,Tốt,0,2040869784,5,Ngọc Loan
107,18928473,Tuyệt vời,"chuyên nghiệp, thân thiện. đẹp như mô tả. đóng gói kỹ lưỡng. chất lượng tuyệt vời. giá tốt. giao hàng nhanh bất ngờ. khá mạnh máy đẹp pin bình thường ..5 sao",Tốt,0,2015807629,5,Ha Duy
108,18904275,Tuyệt vời,shop lưu ý... khi giao hàng như máy massage nên kiểm tra pin có đầy không  ,Tốt,2,2022122384,5,le van son
109,18899387,Tuyệt vời,chất lượng tuyệt vời. hàng rẻ nhưng chất lượng rất tốt đáng để mua về sài,Tốt,0,2022706749,5,Sang Nguyễn Văn
110,18893077,Tuyệt vời,đẹp như mô tả. hàng đẹp và chất lượng tốt mình giới thiệu cho bạn mình đặt thêm 3 cái qua sđt của sohp trên đơn hàng nhé ,Tốt,0,2030665940,5, Duy Biên
111,18888774,Tuyệt vời,"chất lượng tuyệt vời. máy nhanh hết pin, sử dụng 10 phút hết pin",Tốt,1,2019609007,5,phạm đình đức
112,18860663,Tuyệt vời,"chuyên nghiệp, thân thiện. đẹp như mô tả. đóng gói kỹ lưỡng. chất lượng tuyệt vời. giá tốt. hàng như hình đẹp ",Tốt,0,2039919953,5,Nguyễn Văn Hùng
113,19291834,Tuyệt vời,,Tốt,0,2038367456,5,văn công
114,19291330,Tuyệt vời,,Tốt,0,2015853557,5,Shi Min Liu
115,19291294,Tuyệt vời,,Tốt,0,2019741957,5,Dung Nguyen
116,19289554,Tuyệt vời,,Tốt,0,2014635098,5,bui quang lai
117,19288995,Tuyệt vời,giá tốt. ,Tốt,0,2022880214,5,Lữ Ngọc Mẫn
118,19287011,Tuyệt vời,,Tốt,0,2041632308,5,Nguyễn Văn Quân
119,19284059,Tuyệt vời,,Tốt,0,2020552114,5,Thạch Sơn
120,19283661,Tuyệt vời,giao hàng nhanh bất ngờ. ,Tốt,0,2040263065,5,Huấn Trương Quốc
121,19282794,Tuyệt vời,,Tốt,0,2022765030,5,Nguyễn văn luyện
122,19281422,Tuyệt vời,,Tốt,0,2038076173,5,Đặng Tải
123,19280848,Chưa hài lòng,,Xấu,0,2029750480,2,Nguyên Đăng
124,19276298,Tuyệt vời,,Tốt,0,2020178805,5,nguyen ngoc thuan
125,19275188,Tuyệt vời,,Tốt,0,2042549707,5,Vương Đặng Gia Danh
126,19270384,Tuyệt vời,,Tốt,0,2042122056,5,0*** 
127,19269384,Tuyệt vời,,Tốt,0,2035609876,5,nguyen thanh son
128,19266637,Tuyệt vời,,Tốt,0,2042247039,5,Tuan Tran Quang
129,19264495,Tuyệt vời,,Tốt,0,2041872702,5,Thoa Trần
130,19264424,Tuyệt vời,,Tốt,0,2028853197,5,Dung Doan Ngoc
131,19262437,Hài lòng,,Tốt,0,2025948621,4,Vinh Nguyễn Thế
132,19261030,Tuyệt vời,,Tốt,0,2037554697,5,Bình Vũ
133,19260582,Tuyệt vời,,Tốt,0,2036508076,5,Phạm Tâm
134,19260385,Tuyệt vời,đẹp như mô tả. ,Tốt,0,2022929048,5,NGUYEN BUI
135,19260356,Tuyệt vời,giao hàng nhanh bất ngờ. ,Tốt,0,2022660694,5,Đánh giá ẩn danh
136,19259896,Tuyệt vời,,Tốt,0,2040963715,5,0*** 
137,19259822,Tuyệt vời,,Tốt,0,2042190820,5,0*** 
138,19259359,Tuyệt vời,,Tốt,0,2020838780,5,la.quoc.viet
139,19255453,Tuyệt vời,,Tốt,0,2039681038,5,Vân Võ
140,19253034,Tuyệt vời,,Tốt,0,2024331128,5,Rlan alon1334rlan
141,19252628,Tuyệt vời,đẹp như mô tả. đóng gói kỹ lưỡng. ,Tốt,0,2021505229,5,Lê Bảo Toàn
142,19252078,Tuyệt vời,"chuyên nghiệp, thân thiện. chất lượng tuyệt vời. ",Tốt,0,2040397841,5,kpuih sên
143,19251502,Tuyệt vời,,Tốt,0,2042149847,5,Phùng thị thucuc
144,19251225,Tuyệt vời,,Tốt,0,2041518231,5,0*** 
145,19250654,Tuyệt vời,chất lượng tuyệt vời. ,Tốt,0,2039224189,5,Thầy Thành
146,19250538,Tuyệt vời,,Tốt,0,2042213079,5,hoàng văn an
147,19250349,Không hài lòng,,Xấu,0,2017898159,1,Lương vũ cường
148,19250035,Tuyệt vời,,Tốt,0,2036583903,5,Văn lâm
149,19249815,Hài lòng,,Tốt,0,2031933898,4, Nguyễn Thị Thúy An
150,19249687,Tuyệt vời,đẹp như mô tả. ,Tốt,0,2037728653,5,trần Tuấn Dương
151,19246659,Tuyệt vời,,Tốt,0,2039271603,5,Hoàng minh Trọng
152,19246385,Tuyệt vời,,Tốt,0,2032757975,5, Chú tuấn
153,19246174,Tuyệt vời,,Tốt,0,2023034794,5,Duonghoaihan1983
154,19244949,Tuyệt vời,đẹp như mô tả. ,Tốt,0,2018124401,5,Phạm Quang Duy
155,19244710,Tuyệt vời,,Tốt,0,2023462282,5,Dũng nguyễn thế
156,19244610,Tuyệt vời,,Tốt,0,2035573053,5,Danh thị như Ý
157,19244322,Hài lòng,,Tốt,0,2019837722,4,trungkiên
158,19244144,Tuyệt vời,,Tốt,0,2039612962,5,Phi Nguyen
159,19243835,Tuyệt vời,,Tốt,0,2041812470,5,nguyen quoc bao
160,19243138,Tuyệt vời,,Tốt,0,2017403390,5,tuấn Đặng hoàng
161,19242891,Tuyệt vời,chất lượng tuyệt vời. ,Tốt,0,2014518819,5,tran ngoc thanh
162,19242844,Tuyệt vời,đẹp như mô tả. ,Tốt,0,2020482615,5,Thanh Phong Đặng
163,19242587,Tuyệt vời,,Tốt,0,2019981167,5,Van sanh Vo
164,19242307,Tuyệt vời,,Tốt,0,2033496716,5,0*** 
165,19242191,Tuyệt vời,,Tốt,0,2021989185,5,Đặng phú Quý
166,19241766,Tuyệt vời,,Tốt,0,2024243686,5,NGUYỄN QUANG MẠNH
167,19241202,Tuyệt vời,,Tốt,0,2032190799,5,Bảo
168,19240987,Tuyệt vời,,Tốt,0,2039271603,5,Hoàng minh Trọng
169,19239544,Tuyệt vời,,Tốt,0,2041922362,5,Thoàng Nguyễn
170,19239517,Tuyệt vời,,Tốt,0,2041078577,5,phan van tien
171,19239353,Tuyệt vời,,Tốt,0,2029303262,5,Nguyễn Bá Thuyên
172,19238969,Tuyệt vời,,Tốt,0,2022382901,5,Nguyễn trọng sỹ
173,19237599,Tạm hài lòng,chất lượng ổn. ,Bình thường,0,2041335445,3,van cap
174,19237575,Tuyệt vời,,Tốt,0,2029407580,5,phạm thế lạng
175,19237141,Tuyệt vời,,Tốt,0,2028997017,5,tran trong nhan nhan
176,19236770,Tuyệt vời,,Tốt,0,2028582626,5,lê thị út mơ
177,19235698,Tuyệt vời,,Tốt,0,2018124401,5,Phạm Quang Duy
178,19235564,Tuyệt vời,giá tốt. ,Tốt,0,2042167055,5,0*** 
179,19235554,Tạm hài lòng,,Bình thường,0,2040582776,3,thao ngo
180,19235447,Tuyệt vời,,Tốt,0,2015997146,5,vinh chauhoang
181,19230808,Tuyệt vời,,Tốt,0,2033058691,5,daovanthan
182,19229914,Tuyệt vời,,Tốt,0,2040925986,5,tran Minh tam
183,19229495,Tuyệt vời,,Tốt,0,2014650572,5,0988094308***
184,19228877,Tuyệt vời,,Tốt,0,2018558621,5,Mai Văn Tùng
185,19228271,Tuyệt vời,,Tốt,0,2036453502,5,minhchinh ngo
186,19228190,Tuyệt vời,,Tốt,0,2041682722,5,Văn Hiền
187,19227346,Tuyệt vời,,Tốt,0,2042027802,5,chị Dung
188,19227321,Tuyệt vời,,Tốt,0,2031363996,5,Toan Nguyen
189,19226583,Tuyệt vời,"chuyên nghiệp, thân thiện. ",Tốt,0,2020701429,5,Phạm văn đạt
190,19225462,Tuyệt vời,"chuyên nghiệp, thân thiện. ",Tốt,0,2020008791,5,Nguyen Phu
191,19225461,Tuyệt vời,,Tốt,0,2041824758,5,thiều văn Ba
192,19223924,Tuyệt vời,,Tốt,0,2040311388,5,phạm thế duyệt
193,19221895,Tuyệt vời,giá tốt. đóng gói kỹ lưỡng. ,Tốt,0,2042103273,5,cảnh
194,19220743,Tuyệt vời,,Tốt,0,2027925386,5,Lệ Uyên
195,19220733,Tạm hài lòng,chất lượng ổn. giao hàng tạm ổn. ,Bình thường,0,2030965986,3,tran phong
196,19220279,Tuyệt vời,đẹp như mô tả. giá tốt. ,Tốt,0,2020098634,5,dung hoang
197,19220237,Tuyệt vời,,Tốt,0,2022929048,5,NGUYEN BUI
198,19219754,Tuyệt vời,chất lượng tuyệt vời. ,Tốt,0,2029805174,5,Canh Tran
199,19217932,Tuyệt vời,,Tốt,0,2042101863,5,0*** 
200,19217425,Tuyệt vời,,Tốt,0,2038565251,5,Lưu Cúc
201,19216906,Tuyệt vời,,Tốt,0,2020185764,5,phạm thị kiều Trâm
202,19216782,Tuyệt vời,,Tốt,0,2036517664,5,nguyễn minh sơn
203,19216400,Tuyệt vời,,Tốt,0,2017849100,5,TanDung Huynh
204,19216269,Tuyệt vời,,Tốt,0,2027764906,5,daochanhtrung@gmail.com
205,19215441,Tuyệt vời,,Tốt,0,2033951360,5,le thi tuyet mai
206,19215299,Tuyệt vời,,Tốt,0,2033825407,5,0983524214***
207,19214552,Tuyệt vời,,Tốt,0,2020098634,5,dung hoang
208,19214206,Tuyệt vời,đẹp như mô tả. giá tốt. ,Tốt,0,2032901152,5,Tran Vanhiep
209,19213503,Tuyệt vời,chất lượng tuyệt vời. ,Tốt,0,2022253434,5,Van Thanh
210,19213138,Tuyệt vời,,Tốt,0,2022776147,5,Đánh giá ẩn danh
211,19212610,Tuyệt vời,,Tốt,0,2026450303,5,chi tran thi hue
212,19212498,Tuyệt vời,giá tốt. ,Tốt,0,2040887811,5,lưu minh vương
213,19212265,Tuyệt vời,giao hàng nhanh bất ngờ. ,Tốt,0,2022929048,5,NGUYEN BUI
214,19211861,Tuyệt vời,đẹp như mô tả. ,Tốt,0,2014080286,5,Trần Hòa Vân
215,19210403,Tuyệt vời,,Tốt,0,2042027802,5,chị Dung
216,19209915,Tuyệt vời,,Tốt,0,2029050606,5,be minh
217,19209559,Tuyệt vời,đẹp như mô tả. ,Tốt,0,2040349812,5,Nguyễn cao khuê
218,19209297,Tuyệt vời,,Tốt,0,2040886746,5,Nguyễn Hoài Sơn
219,19208388,Tuyệt vời,,Tốt,0,2026618554,5,nguyen thanhviet
220,19207312,Tuyệt vời,,Tốt,0,2041866048,5,nguyễn lễ thành
221,19207311,Tuyệt vời,đẹp như mô tả. đóng gói kỹ lưỡng. ,Tốt,0,2019253669,5,Quang Đức
222,19206906,Tuyệt vời,,Tốt,0,2041452651,5,linh võ
223,19206809,Tuyệt vời,chất lượng tuyệt vời. ,Tốt,0,2024506564,5,thuy Nguyễn thi oanh
224,19206708,Tuyệt vời,,Tốt,0,2017849100,5,TanDung Huynh
225,19205822,Tuyệt vời,,Tốt,0,2019705560,5,hà Trương thị thu
226,19205812,Tuyệt vời,đẹp như mô tả. chất lượng tuyệt vời. ,Tốt,0,2032564040,5,Truongchihieu
227,19204028,Hài lòng,,Tốt,0,2023901532,4,trương thị bích vân
228,19204012,Tuyệt vời,đẹp như mô tả. ,Tốt,0,2036895575,5,vd: đậu xuân khang
229,19203742,Tuyệt vời,,Tốt,0,2020118540,5,Nguyễn Thanh cần
230,19203654,Hài lòng,,Tốt,0,2034639573,4, dai tran
231,19203536,Tuyệt vời,,Tốt,0,2024269094,5,Doan Huu Tam
232,19203392,Tuyệt vời,,Tốt,0,2033017584,5,luongtruclinh luongtruclinh
233,19203383,Tuyệt vời,,Tốt,0,2014735697,5,quang quang
234,19203302,Tuyệt vời,,Tốt,0,2041927518,5,Lu van suon
235,19201823,Tuyệt vời,,Tốt,0,2026481941,5,Diễn Nguyễn Công
236,19201809,Tuyệt vời,,Tốt,0,2036337382,5,Anh Phượng
237,19201772,Tuyệt vời,,Tốt,0,2041920511,5,Thía Lê
238,19201703,Hài lòng,,Tốt,0,2030631238,4,Đánh giá ẩn danh
239,19201027,Tuyệt vời,,Tốt,0,2037577115,5,Hà Văn Ngoan
240,19200713,Tuyệt vời,,Tốt,0,2032408629,5,nguyên văn phu
241,19200577,Tuyệt vời,,Tốt,0,2027571033,5,phuongdai
242,19200062,Tuyệt vời,chất lượng tuyệt vời. ,Tốt,0,2039926507,5,Hải Quach
243,19197538,Tuyệt vời,chất lượng tuyệt vời. ,Tốt,0,2013780742,5,Trần Thị Thắm
244,19197376,Tuyệt vời,đẹp như mô tả. giao hàng nhanh bất ngờ. ,Tốt,0,2021297537,5,khanh nghiem van
245,19194797,Tuyệt vời,,Tốt,0,2022775049,5,Thanh Đào Tâm
246,19194618,Tuyệt vời,"chuyên nghiệp, thân thiện. đóng gói kỹ lưỡng. giá tốt. ",Tốt,0,2041926255,5,Đánh giá ẩn danh
247,19193984,Tuyệt vời,,Tốt,0,2041811206,5,Nguyễn Thị quyên
248,19192438,Tuyệt vời,"chuyên nghiệp, thân thiện. đẹp như mô tả. đóng gói kỹ lưỡng. chất lượng tuyệt vời. giá tốt. giao hàng nhanh bất ngờ. ",Tốt,0,2040087025,5,Lưu vượng
249,19191155,Tuyệt vời,,Tốt,0,2034358102,5,huynhthigai
250,19190762,Tuyệt vời,"chuyên nghiệp, thân thiện. ",Tốt,0,2019658100,5,trần nhật thành
251,19190688,Tuyệt vời,"chuyên nghiệp, thân thiện. đẹp như mô tả. đóng gói kỹ lưỡng. chất lượng tuyệt vời. giá tốt. ",Tốt,0,2036337382,5,Anh Phượng
252,19190196,Tuyệt vời,,Tốt,0,2038496326,5,Đàng Huỳnh
253,19189999,Tuyệt vời,,Tốt,0,2041769156,5,chị Quyên
254,19188469,Tuyệt vời,đẹp như mô tả. ,Tốt,0,2041629063,5,Nguyễn Văn Khánh
255,19187983,Tuyệt vời,"chuyên nghiệp, thân thiện. đẹp như mô tả. đóng gói kỹ lưỡng. chất lượng tuyệt vời. giá tốt. giao hàng nhanh bất ngờ. ",Tốt,0,2040087025,5,Lưu vượng
256,19187972,Tuyệt vời,,Tốt,0,2028849282,5,kim ngân
257,19187564,Tuyệt vời,"chuyên nghiệp, thân thiện. chất lượng tuyệt vời. ",Tốt,0,2018723053,5,tranhoang
258,19186746,Tuyệt vời,giá tốt. giao hàng nhanh bất ngờ. ,Tốt,0,2037294955,5,le văn Bắc
259,19186404,Tuyệt vời,,Tốt,0,2020402700,5,Đời Tran Huu
260,19186316,Tuyệt vời,đẹp như mô tả. ,Tốt,0,2039105045,5,Chung Phan
261,19184702,Tuyệt vời,,Tốt,0,2026450303,5,chi tran thi hue
262,19184695,Tuyệt vời,,Tốt,0,2025350159,5,Tran huu thieu
263,19182044,Tuyệt vời,,Tốt,0,2041643612,5,nguyễn thi kim nga
264,19181506,Tuyệt vời,"chuyên nghiệp, thân thiện. đẹp như mô tả. đóng gói kỹ lưỡng. chất lượng tuyệt vời. giá tốt. giao hàng nhanh bất ngờ. ",Tốt,0,2028849282,5,kim ngân
265,19181140,Tuyệt vời,"chuyên nghiệp, thân thiện. đẹp như mô tả. đóng gói kỹ lưỡng. chất lượng tuyệt vời. giá tốt. giao hàng nhanh bất ngờ. ",Tốt,0,2030041729,5,Đánh giá ẩn danh
266,19181025,Tuyệt vời,đã mua lần 2,Tốt,0,2034617352,5,lê cẩm tú
267,19180666,Tuyệt vời,"chuyên nghiệp, thân thiện. đẹp như mô tả. đóng gói kỹ lưỡng. chất lượng tuyệt vời. ",Tốt,0,2022391436,5,cuong nguyen
268,19180569,Tuyệt vời,,Tốt,0,2024652260,5,Nguyen qiap bang
269,19180314,Tuyệt vời,"chuyên nghiệp, thân thiện. ",Tốt,0,2025389508,5,vũ Lê Quý
270,19178537,Tuyệt vời,,Tốt,0,2041557198,5,Trần Ngọc Sơn
271,19178444,Tuyệt vời,đẹp như mô tả. ,Tốt,0,2036506991,5,nguyennhatlinh
272,19178393,Tuyệt vời,,Tốt,0,2017911147,5,Thuhang
273,19178202,Tuyệt vời,"chuyên nghiệp, thân thiện. đẹp như mô tả. chất lượng tuyệt vời. giá tốt. giao hàng nhanh bất ngờ. ",Tốt,0,2041337878,5,Đỗ Thị Hạnh
274,19177472,Tuyệt vời,,Tốt,0,2023069457,5,Hung Nguyen
275,19177351,Tuyệt vời,chất lượng tuyệt vời. ,Tốt,0,2019976548,5,Luong Linh
276,19175740,Tuyệt vời,"chuyên nghiệp, thân thiện. đẹp như mô tả. đóng gói kỹ lưỡng. chất lượng tuyệt vời. giá tốt. giao hàng nhanh bất ngờ. ",Tốt,0,2035535411,5,tô vũ lâm
277,19175292,Hài lòng,,Tốt,0,2032874829,4,gia ngọc
278,19174823,Tuyệt vời,,Tốt,0,2024592717,5,hằng Thanh
279,19173919,Tuyệt vời,,Tốt,0,2031787375,5,Đánh giá ẩn danh
280,19173659,Tuyệt vời,,Tốt,0,2017388900,5,Đinh Thái  Châu
281,19173425,Tuyệt vời,"chuyên nghiệp, thân thiện. chất lượng tuyệt vời. giá tốt. ",Tốt,0,2020402700,5,Đời Tran Huu
282,19172766,Tuyệt vời,đẹp như mô tả. ,Tốt,0,2019710064,5,le nhat binh
283,19172521,Không hài lòng,,Xấu,0,2040052086,1,Huỳnh Tuấn Vủ
284,19172294,Tuyệt vời,,Tốt,0,2038496326,5,Đàng Huỳnh
285,19170838,Tuyệt vời,"chuyên nghiệp, thân thiện. đẹp như mô tả. chất lượng tuyệt vời. ",Tốt,0,2036337382,5,Anh Phượng
286,19170811,Tuyệt vời,,Tốt,0,2013533295,5,Dang Than Pham
287,19170077,Tuyệt vời,"chuyên nghiệp, thân thiện. ",Tốt,0,2039496751,5,Cam Tu Ma
288,19169058,Tuyệt vời,,Tốt,0,2035429088,5,hoàng khải
289,19168498,Tuyệt vời,,Tốt,0,2040789659,5,Dinh hoai vu
290,19168352,Tuyệt vời,"chuyên nghiệp, thân thiện. giá tốt. giao hàng nhanh bất ngờ. ",Tốt,0,2019753479,5,hiệp nguyễn thị
291,19168181,Tuyệt vời,,Tốt,0,2040052086,5,Huỳnh Tuấn Vủ
292,19167948,Tuyệt vời,,Tốt,0,2041643612,5,nguyễn thi kim nga
293,19166751,Tuyệt vời,đẹp như mô tả. ,Tốt,0,2041257880,5,Đánh giá ẩn danh
294,19166046,Tuyệt vời,"chuyên nghiệp, thân thiện. đẹp như mô tả. đóng gói kỹ lưỡng. chất lượng tuyệt vời. giá tốt. giao hàng nhanh bất ngờ. ",Tốt,0,2028849282,5,kim ngân
295,19165392,Hài lòng,,Tốt,0,2029693596,4,hien thai thanh
296,19165368,Tuyệt vời,,Tốt,0,2038496326,5,Đàng Huỳnh
297,19165289,Tuyệt vời,ok,Tốt,0,2038039404,5,Nhật Pm
298,19165189,Tuyệt vời,,Tốt,0,2020470205,5, MaiHuynh
299,19165130,Tuyệt vời,,Tốt,0,2036235532,5,Trương Đức Thắng
300,19164684,Tuyệt vời,,Tốt,0,2020223020,5,Nguyễn Thị Mỹ Chinh
301,19164563,Tuyệt vời,,Tốt,0,2027925386,5,Lệ Uyên
302,19163958,Tuyệt vời,đẹp như mô tả. giá tốt. ,Tốt,0,2026770984,5,AnhTuyet Vo
303,19163467,Tuyệt vời,,Tốt,0,2019573540,5,trang Nguyễn thi duy
304,19163410,Tuyệt vời,,Tốt,0,2041890888,5,Doan Duan
305,19162714,Tuyệt vời,,Tốt,0,2025907497,5,Phan thanh phuc
306,19162016,Tuyệt vời,"chuyên nghiệp, thân thiện. giá tốt. ",Tốt,0,2016465267,5,Trương Quí
307,19161968,Tuyệt vời,,Tốt,0,2041086689,5,nguyễn duy
308,19161796,Tuyệt vời,giao hàng nhanh bất ngờ. ,Tốt,0,2041895357,5,Đánh giá ẩn danh
309,19161172,Tuyệt vời,,Tốt,0,2023099673,5,Nguyễn Đồng
310,19160515,Tuyệt vời,giá tốt. ,Tốt,0,2041096892,5,DINH XUAN HIEU
311,19160285,Tuyệt vời,,Tốt,0,2030253099,5,Cường Phạm
312,19159531,Tuyệt vời,chất lượng tuyệt vời. ,Tốt,0,2039814529,5,Phạm Quốc Thanh
313,19158927,Tuyệt vời,"chuyên nghiệp, thân thiện. đẹp như mô tả. đóng gói kỹ lưỡng. ",Tốt,0,2019312793,5,nguyen khong thanh
314,19158537,Tuyệt vời,,Tốt,0,2038938986,5,Lực Nguyễn Văn
315,19156869,Tuyệt vời,chất lượng tốt vừa túi tiền ,Tốt,0,2036032068,5,Nguyễn Tiến Trung
316,19156428,Hài lòng,,Tốt,0,2020989591,4,Sơn Nguyễn Thạch
317,19156230,Tuyệt vời,"chuyên nghiệp, thân thiện. đẹp như mô tả. đóng gói kỹ lưỡng. chất lượng tuyệt vời. giao hàng nhanh bất ngờ. giá tốt. ",Tốt,0,2041452737,5,Li Bông
318,19155780,Tuyệt vời,,Tốt,0,2036443436,5,Tran Congtu
319,19155426,Tuyệt vời,,Tốt,0,2041007561,5,Nguyễn Minh hoang
320,19154633,Tuyệt vời,"chuyên nghiệp, thân thiện. đẹp như mô tả. đóng gói kỹ lưỡng. chất lượng tuyệt vời. giá tốt. giao hàng nhanh bất ngờ. ",Tốt,0,2028400237,5,Phi Nguyễn
321,19154621,Tuyệt vời,đẹp như mô tả. ,Tốt,0,2037819569,5,ngọc thể
322,19154581,Tuyệt vời,"chuyên nghiệp, thân thiện. đẹp như mô tả. đóng gói kỹ lưỡng. chất lượng tuyệt vời. giá tốt. giao hàng nhanh bất ngờ. ",Tốt,0,2041665054,5,lê triệu bích thuỷ
323,19154422,Không hài lòng,shop cần thân thiện hơn. nên đóng gói kỹ hơn. ,Xấu,0,2020623941,1,nguyễnvăndũng
324,19153215,Tuyệt vời,"chuyên nghiệp, thân thiện. ",Tốt,0,2034021939,5,Ninh Ksor
325,19152238,Tuyệt vời,,Tốt,0,2023051898,5,hưng đăng đình
326,19152149,Tuyệt vời,,Tốt,0,2015583841,5,Đỗ Lê Huy Hoàng
327,19151928,Tuyệt vời,,Tốt,0,2041148347,5,Thiện Đặng
328,19151664,Tuyệt vời,,Tốt,0,2040427242,5,vodangkhoa
329,19151459,Tuyệt vời,"chuyên nghiệp, thân thiện. đẹp như mô tả. đóng gói kỹ lưỡng. chất lượng tuyệt vời. giá tốt. giao hàng nhanh bất ngờ. ",Tốt,0,2022391436,5,cuong nguyen
330,19151250,Tuyệt vời,"chuyên nghiệp, thân thiện. đẹp như mô tả. đóng gói kỹ lưỡng. giá tốt. ",Tốt,0,2017524667,5,PHÚC PHAN
331,19151102,Tuyệt vời,"chuyên nghiệp, thân thiện. đẹp như mô tả. chất lượng tuyệt vời. giá tốt. ",Tốt,0,2019571102,5,Phan Thuan
332,19151051,Tuyệt vời,,Tốt,0,2035989828,5,Đánh giá ẩn danh
333,19151007,Tuyệt vời,"chuyên nghiệp, thân thiện. đẹp như mô tả. đóng gói kỹ lưỡng. chất lượng tuyệt vời. giá tốt. giao hàng nhanh bất ngờ. ",Tốt,0,2034258598,5,DƯƠNG trường giang
334,19150520,Tuyệt vời,,Tốt,0,2021293074,5,Lê hoàng lăng
335,19150519,Tuyệt vời,giao hàng nhanh bất ngờ. ,Tốt,0,2021293074,5,Lê hoàng lăng
336,19150418,Tuyệt vời,đẹp như mô tả. ,Tốt,0,2027516404,5,nguyễn anh tuấn
337,19150286,Tuyệt vời,,Tốt,0,2034877767,5,minhgia
338,19150067,Tuyệt vời,chất lượng tuyệt vời. ,Tốt,0,2037647633,5,Nhanh Luong
339,19150033,Tuyệt vời,"chuyên nghiệp, thân thiện. đẹp như mô tả. đóng gói kỹ lưỡng. chất lượng tuyệt vời. giao hàng nhanh bất ngờ. ",Tốt,0,2027715268,5,Nguyễn Thanh Bình
340,19150027,Tuyệt vời,,Tốt,0,2041663586,5,lê công thịnh
341,19149700,Tuyệt vời,,Tốt,0,2038196380,5,nguyen hong trieu
342,19149569,Tuyệt vời,"chuyên nghiệp, thân thiện. đẹp như mô tả. đóng gói kỹ lưỡng. chất lượng tuyệt vời. giá tốt. giao hàng nhanh bất ngờ. ",Tốt,0,2016391928,5,Nguyễn Thành
343,19149107,Tuyệt vời,"chuyên nghiệp, thân thiện. đẹp như mô tả. đóng gói kỹ lưỡng. chất lượng tuyệt vời. giá tốt. ",Tốt,0,2041470978,5,cao văn vũ
344,19149102,Tuyệt vời,,Tốt,0,2025350159,5,Tran huu thieu
345,19148251,Tuyệt vời,,Tốt,0,2029805443,5,Nguyễn Tâm
346,19148001,Tuyệt vời,,Tốt,0,2036869018,5,Hữu nghi
347,19147913,Tuyệt vời,,Tốt,0,2041086689,5,nguyễn duy
348,19147580,Tuyệt vời,,Tốt,0,2028774781,5,Nguyễn Thị Quận
349,19146613,Tuyệt vời,,Tốt,0,2041708478,5,Trần Phương
350,19145699,Tuyệt vời,,Tốt,0,2021273654,5,bui van giap
351,19144934,Tuyệt vời,,Tốt,0,2041454493,5,huỳnh mai
352,19144913,Tuyệt vời,"chuyên nghiệp, thân thiện. đẹp như mô tả. đóng gói kỹ lưỡng. chất lượng tuyệt vời. giá tốt. giao hàng nhanh bất ngờ. ",Tốt,0,2027715268,5,Nguyễn Thanh Bình
353,19144708,Tuyệt vời,,Tốt,0,2034511566,5,Mai Lê Long
354,19144590,Tuyệt vời,"chuyên nghiệp, thân thiện. giao hàng nhanh bất ngờ. ",Tốt,0,2038496326,5,Đàng Huỳnh
355,19144485,Tuyệt vời,,Tốt,0,2041414139,5,huỳnh phát
356,19144388,Tuyệt vời,chất lượng tuyệt vời. ,Tốt,0,2037647633,5,Nhanh Luong
357,19143053,Tuyệt vời,"chuyên nghiệp, thân thiện. đẹp như mô tả. chất lượng tuyệt vời. giá tốt. ",Tốt,0,2040803836,5,Nguyễn Hải Đăng
358,19142545,Tuyệt vời,đẹp như mô tả. giá tốt. ,Tốt,0,2026867844,5,Lê tấn Tài
359,19142404,Tuyệt vời,ok,Tốt,0,2028110354,5,thúy diệu
360,19141573,Tuyệt vời,,Tốt,0,2025350159,5,Tran huu thieu
361,19139702,Tuyệt vời,,Tốt,0,2022765030,5,Đánh giá ẩn danh
362,19139363,Tuyệt vời,,Tốt,0,2028747308,5,Mai Trịnh thi
363,19138508,Tuyệt vời,chất lượng tuyệt vời. ,Tốt,0,2033292225,5,Lê tự đức
364,19138217,Tuyệt vời,đóng gói kỹ lưỡng. giá tốt. giao hàng nhanh bất ngờ. ,Tốt,0,2020196272,5,Trần Đức Thịnh
365,19138121,Tuyệt vời,,Tốt,0,2040950385,5,lindan Nguyễn
366,19137366,Tuyệt vời,đẹp như mô tả. đóng gói kỹ lưỡng. giá tốt. ,Tốt,0,2031618869,5,trieu doan phuoc nam
367,19136694,Tuyệt vời,,Tốt,0,2027203997,5,Trần Hùng Thái
368,19133958,Tuyệt vời,tuyệt vời. tốt hơn mong đợi,Tốt,0,2027497926,5,thanh liêm
369,19131374,Tuyệt vời,đẹp như mô tả. chất lượng tuyệt vời. ,Tốt,0,2025389508,5,vũ Lê Quý
370,19130966,Tuyệt vời,,Tốt,0,2036111162,5,Võ đình thắng
371,19130789,Tuyệt vời,chất lượng tuyệt vời. ,Tốt,0,2039864140,5,Huỳnh Thanh Thuận
372,19129622,Tuyệt vời,,Tốt,0,2017936115,5,Võ xuân nam
373,19129430,Tuyệt vời,đẹp như mô tả. đóng gói kỹ lưỡng. chất lượng tuyệt vời. ,Tốt,0,2041658932,5,Tho Nguyen
374,19129275,Tuyệt vời,,Tốt,0,2033465622,5,phẩm quốc toan
375,19129114,Tuyệt vời,giá tốt. ,Tốt,0,2032874829,5,gia ngọc
376,19128869,Tuyệt vời,ok,Tốt,0,2016569348,5,tuấn trịnh văn
377,19128413,Tuyệt vời,,Tốt,0,2037107960,5,Trần Thị Kim Anh
378,19128007,Tuyệt vời,"chuyên nghiệp, thân thiện. đẹp như mô tả. ",Tốt,0,2019420836,5,Bình Đỗ thị
379,19126081,Tuyệt vời,đẹp như mô tả. đóng gói kỹ lưỡng. ,Tốt,0,2036042931,5,tran loan
380,19125994,Tuyệt vời,"chuyên nghiệp, thân thiện. đẹp như mô tả. đóng gói kỹ lưỡng. chất lượng tuyệt vời. giá tốt. giao hàng nhanh bất ngờ. ",Tốt,0,2041453201,5,nguyễn đình thuận
381,19125663,Tuyệt vời,đóng gói kỹ lưỡng. ,Tốt,0,2038658607,5,Đánh giá ẩn danh
382,19125464,Tuyệt vời,,Tốt,0,2041793113,5,lê trần kiên
383,19125451,Tuyệt vời,giá tốt. ,Tốt,0,2032762973,5,huỳnh tây
384,19123709,Tuyệt vời,chất lượng tuyệt vời. ,Tốt,0,2039404995,5,Tran Thi
385,19123616,Tuyệt vời,đẹp như mô tả. giá tốt. ,Tốt,0,2015839160,5,Lê Văn Thông
386,19123599,Hài lòng,chất lượng tốt. ,Tốt,0,2032874829,4,gia ngọc
387,19123588,Tuyệt vời,,Tốt,0,2028273385,5,Nguyễn Bình Trung
388,19123291,Tuyệt vời,sà tạm vậy tiền mào của đó,Tốt,0,2041105529,5,huuhoan
389,19123072,Tuyệt vời,"chuyên nghiệp, thân thiện. đẹp như mô tả. đóng gói kỹ lưỡng. chất lượng tuyệt vời. giá tốt. giao hàng nhanh bất ngờ. ",Tốt,0,2028126538,5, Hoangquy 
390,19122915,Tuyệt vời,đẹp như mô tả. chất lượng tuyệt vời. giao hàng nhanh bất ngờ. ,Tốt,0,2026101084,5,lan nguyen thi sa
391,19122471,Tuyệt vời,,Tốt,0,2021364343,5,Ngọc Trần Thị Minh
392,19122386,Tuyệt vời,đẹp như mô tả. ,Tốt,0,2013572215,5,Liên Việt Gold
393,19122075,Tuyệt vời,,Tốt,0,2025182002,5,Long Lê Thị
394,19122057,Tuyệt vời,,Tốt,0,2034116159,5,lê văn thanh
395,19122049,Tuyệt vời,,Tốt,0,2041781356,5,Ngô Trâm
396,19122015,Tuyệt vời,dịch vụ giao hàng như ***,Tốt,0,2040656993,5, long
397,19121996,Tuyệt vời,"chuyên nghiệp, thân thiện. đẹp như mô tả. đóng gói kỹ lưỡng. chất lượng tuyệt vời. giá tốt. giao hàng nhanh bất ngờ. ",Tốt,0,2036416831,5,Đánh giá ẩn danh
398,19121608,Tuyệt vời,"chuyên nghiệp, thân thiện. đẹp như mô tả. chất lượng tuyệt vời. giao hàng nhanh bất ngờ. ",Tốt,0,2018723053,5,tranhoang
399,19121536,Tuyệt vời,đẹp như mô tả. ,Tốt,0,2023022548,5,Nguyenvanngochung
400,19121347,Tuyệt vời,chất lượng tuyệt vời. ,Tốt,0,2021205059,5,Minh Ngoc
401,19121333,Tuyệt vời,hàng này rất tốt ,Tốt,0,2022557932,5,Ngoc tram
402,19120601,Tuyệt vời,,Tốt,0,2038280685,5,pham yên
403,19120382,Tuyệt vời,,Tốt,0,2020356399,5,trang nguyên thi trúc
404,19120159,Tuyệt vời,đẹp như mô tả. giá tốt. ,Tốt,0,2020437643,5,Phạm Thanh Quân
405,19119583,Tuyệt vời,đẹp như mô tả. ,Tốt,0,2039105045,5,Chung Phan
406,19119257,Tuyệt vời,,Tốt,0,2037189482,5,vu anh Van
407,19119147,Hài lòng,,Tốt,0,2025586200,4,0*** 
408,19118847,Tuyệt vời,đẹp như mô tả. chất lượng tuyệt vời. giao hàng nhanh bất ngờ. ,Tốt,0,2019797946,5,Tô thanh Tân
409,19118716,Tuyệt vời,,Tốt,0,2040859758,5,nguyễn linh
410,19118399,Tuyệt vời,đẹp như mô tả. đóng gói kỹ lưỡng. chất lượng tuyệt vời. giao hàng nhanh bất ngờ. ,Tốt,0,2027715268,5,Nguyễn Thanh Bình
411,19118274,Tuyệt vời,"chuyên nghiệp, thân thiện. đẹp như mô tả. đóng gói kỹ lưỡng. chất lượng tuyệt vời. giá tốt. giao hàng nhanh bất ngờ. ",Tốt,0,2032468763,5,tuân nguyễn huy
412,19117401,Tuyệt vời,"chuyên nghiệp, thân thiện. đẹp như mô tả. ",Tốt,0,2026501655,5,Huy Lê Minh
413,19117227,Tuyệt vời,đẹp như mô tả. chất lượng tuyệt vời. giá tốt. giao hàng nhanh bất ngờ. ,Tốt,0,2028927537,5,nguyễn kiêm dũng
414,19117177,Tuyệt vời,,Tốt,0,2027662606,5,Lê Nguyệt
415,19116584,Tuyệt vời,,Tốt,0,2038096447,5,Thuan Nguyen
416,19116499,Tuyệt vời,,Tốt,0,2032446983,5,Tân Lê Minh
417,19116316,Tuyệt vời,,Tốt,0,2019613278,5,que nguyen
418,19116150,Tuyệt vời,"chuyên nghiệp, thân thiện. đẹp như mô tả. đóng gói kỹ lưỡng. chất lượng tuyệt vời. giá tốt. giao hàng nhanh bất ngờ. ",Tốt,0,2023729774,5,Bảo Trân
419,19115048,Tuyệt vời,"chuyên nghiệp, thân thiện. ",Tốt,0,2023022548,5,Nguyenvanngochung
420,19113760,Tuyệt vời,đẹp như mô tả. ,Tốt,0,2031770889,5,Duc Nguyen
421,19113758,Tuyệt vời,,Tốt,0,2022638314,5,Nguyễn Phương
422,19112461,Hài lòng,đúng mô tả. ,Tốt,0,2016381938,4,PT Khé
423,19111542,Tuyệt vời,đóng gói kỹ lưỡng. chất lượng tuyệt vời. giá tốt. ,Tốt,0,2041669843,5,lê ngọc hiếu
424,19111452,Tuyệt vời,chất lượng tuyệt vời. ,Tốt,0,2039864140,5,Huỳnh Thanh Thuận
425,19110867,Tuyệt vời,chất lượng tuyệt vời. ,Tốt,0,2039404995,5,Tran Thi
426,19110562,Tuyệt vời,,Tốt,0,2037304333,5,nguyễn thị kim dung
427,19110371,Tuyệt vời,đẹp như mô tả. ,Tốt,0,2021364343,5,Ngọc Trần Thị Minh
428,19110363,Tuyệt vời,,Tốt,0,2041102388,5,Lê Trung Hiếu
429,19109357,Tuyệt vời,,Tốt,0,2026830801,5,Bmt Hoàng Hiếu
430,19107953,Tuyệt vời,,Tốt,0,2020356399,5,trang nguyên thi trúc
431,19107242,Tuyệt vời,"chuyên nghiệp, thân thiện. đẹp như mô tả. chất lượng tuyệt vời. giá tốt. ",Tốt,0,2037178397,5,tran tuan kiet
432,19107221,Tuyệt vời,,Tốt,0,2036443436,5,Tran Congtu
433,19105918,Tuyệt vời,,Tốt,0,2028299294,5,nguyễn đăng khoa
434,19105886,Tuyệt vời,chất lượng tuyệt vời. giá tốt. giao hàng nhanh bất ngờ. ,Tốt,0,2026972689,5,Nguyễn Phi Khanh
435,19105505,Tuyệt vời,,Tốt,0,2020949235,5,Anh Quy
436,19105274,Tuyệt vời,đẹp như mô tả. chất lượng tuyệt vời. giá tốt. ,Tốt,0,2015839160,5,Lê Văn Thông
437,19104452,Tuyệt vời,"chuyên nghiệp, thân thiện. đẹp như mô tả. đóng gói kỹ lưỡng. chất lượng tuyệt vời. giá tốt. giao hàng nhanh bất ngờ. ",Tốt,1,2020855293,5,Đỗ Trường Sơn
438,19103705,Tuyệt vời,,Tốt,0,2028747308,5,Mai Trịnh thi
439,19102632,Tuyệt vời,chất lượng tuyệt vời. ,Tốt,0,2038663693,5,Tấn Nguyễn
440,19101817,Tuyệt vời,,Tốt,0,2022974549,5,thao mai xuan
441,19101628,Tuyệt vời,,Tốt,0,2019595234,5,Huy Tang
442,19101189,Tạm hài lòng,,Bình thường,0,2025582055,3,NguyenNga1234
443,19100192,Tuyệt vời,,Tốt,0,2032757975,5, Chú tuấn
444,19099973,Tuyệt vời,,Tốt,0,2025182002,5,Long Lê Thị
445,19099692,Tuyệt vời,,Tốt,0,2021017852,5,cuong hoang Huy
446,19099658,Tuyệt vời,,Tốt,0,2041378493,5,Xemay Tran
447,19099165,Tạm hài lòng,đúng mô tả. ,Bình thường,0,2021782713,3,THANH TÙNG
448,19098365,Tuyệt vời,"chuyên nghiệp, thân thiện. đẹp như mô tả. đóng gói kỹ lưỡng. giá tốt. giao hàng nhanh bất ngờ. ",Tốt,0,2018913280,5,Viet Dai Gia
449,19098100,Hài lòng,,Tốt,0,2041729370,4,Anh Ngọc Viettel post
450,19097361,Tuyệt vời,,Tốt,0,2041729981,5,nguyên duy khánh
451,19096991,Tuyệt vời,đóng gói kỹ lưỡng. giá tốt. giao hàng nhanh bất ngờ. ,Tốt,0,2024146380,5,Yamaha thái
452,19096711,Tuyệt vời,,Tốt,0,2026848602,5,thạch
453,19096575,Tuyệt vời,,Tốt,0,2036443436,5,Tran Congtu
454,19096342,Tuyệt vời,chất lượng tuyệt vời. giá tốt. sản phẩm ,Tốt,0,2015839160,5,Lê Văn Thông
455,19095426,Tuyệt vời,,Tốt,0,2038096447,5,Thuan Nguyen
456,19095421,Tuyệt vời,"chuyên nghiệp, thân thiện. đóng gói kỹ lưỡng. ",Tốt,0,2032874847,5,nguyên ngọc trinh
457,19094639,Tuyệt vời,,Tốt,0,2023678817,5,KhanhNgoc
458,19094586,Tuyệt vời,đẹp như mô tả. ,Tốt,0,2021258175,5,Cô Nguyệt
459,19093888,Tuyệt vời,,Tốt,0,2016063836,5,Ngoc Bao
460,19093641,Hài lòng,,Tốt,0,2035956304,4,nguyen thanh quang
461,19092660,Tuyệt vời,"chuyên nghiệp, thân thiện. đẹp như mô tả. đóng gói kỹ lưỡng. chất lượng tuyệt vời. giá tốt. giao hàng nhanh bất ngờ. ",Tốt,0,2026081133,5,Nguyễn Huy
462,19091705,Tuyệt vời,"chuyên nghiệp, thân thiện. đẹp như mô tả. chất lượng tuyệt vời. giá tốt. giao hàng nhanh bất ngờ. ",Tốt,0,2015044916,5,Lê Thanh Dũng
463,19090919,Tuyệt vời,giao hàng nhanh bất ngờ. hàng tốt theo giá tiền ,Tốt,0,2018752956,5,thanh nguyen van
464,19089410,Tuyệt vời,,Tốt,0,2029237057,5,LÊ TẤT QUỲNH
465,19088775,Tuyệt vời,"chuyên nghiệp, thân thiện. ",Tốt,0,2041637945,5,Nhi Yen
466,19087067,Hài lòng,đúng mô tả. ,Tốt,0,2033806884,4,quang tran thanh
467,19085569,Tuyệt vời,,Tốt,0,2035894745,5,Từ ngọc Hoàng
468,19084180,Tuyệt vời,,Tốt,0,2023678817,5,KhanhNgoc
469,19084178,Hài lòng,,Tốt,0,2038301630,4,nguyễn hieu
470,19084134,Tuyệt vời,,Tốt,0,2041591843,5,Tạ Duy Khánh
471,19084112,Tuyệt vời,"chuyên nghiệp, thân thiện. đẹp như mô tả. đóng gói kỹ lưỡng. chất lượng tuyệt vời. giá tốt. giao hàng nhanh bất ngờ. ",Tốt,0,2038637794,5,Đức Nguyễn
472,19083643,Tuyệt vời,chất lượng tuyệt vời. ,Tốt,0,2041632308,5,Nguyễn Văn Quân
473,19083525,Tuyệt vời,,Tốt,0,2029836845,5,Pham Phuong
474,19082653,Tuyệt vời,"chuyên nghiệp, thân thiện. ",Tốt,0,2038520055,5,Trung Trần
475,19082109,Tuyệt vời,"chuyên nghiệp, thân thiện. đẹp như mô tả. đóng gói kỹ lưỡng. chất lượng tuyệt vời. giá tốt. giao hàng nhanh bất ngờ. ",Tốt,0,2029474097,5,Tonychanh chanh
476,19081088,Tuyệt vời,chất lượng tuyệt vời. ,Tốt,0,2034339838,5,votruc
477,19080951,Tuyệt vời,đóng gói kỹ lưỡng. chất lượng tuyệt vời. giá tốt. ,Tốt,0,2039224601,5,Bình phuong
478,19078919,Tuyệt vời,đúng như mô tả ,Tốt,0,2017870886,5,Le Hoang Son
479,19078292,Tuyệt vời,"chuyên nghiệp, thân thiện. giá tốt. giao hàng nhanh bất ngờ. ",Tốt,0,2040118507,5,doan tan tham
480,19077596,Tuyệt vời,"chuyên nghiệp, thân thiện. đẹp như mô tả. đóng gói kỹ lưỡng. chất lượng tuyệt vời. giá tốt. giao hàng nhanh bất ngờ. ",Tốt,0,2022359834,5,Võ Xuân Khanh
481,19076470,Tuyệt vời,chất lượng tuyệt vời. ,Tốt,0,2021207987,5,Minh Nhật
482,19074418,Tuyệt vời,"chuyên nghiệp, thân thiện. đẹp như mô tả. đóng gói kỹ lưỡng. chất lượng tuyệt vời. giá tốt. ",Tốt,0,2035894745,5,Từ ngọc Hoàng
483,19074194,Tuyệt vời,,Tốt,0,2015615214,5,Văn Vớ Vẩn
484,19073249,Tuyệt vời,,Tốt,0,2031797198,5,chinh nguyễn trọng
485,19071954,Tuyệt vời,"chuyên nghiệp, thân thiện. ",Tốt,0,2041637945,5,Nhi Yen
486,19071770,Tuyệt vời,chất lượng tuyệt vời. ,Tốt,0,2030691735,5,be thuan
487,19070887,Tuyệt vời,"chuyên nghiệp, thân thiện. đẹp như mô tả. đóng gói kỹ lưỡng. chất lượng tuyệt vời. ",Tốt,0,2021429577,5,Bích Vân
488,19070208,Tuyệt vời,,Tốt,0,2038282809,5,Sử Văn Nguyễn
489,19069478,Tuyệt vời,,Tốt,0,2019030517,5,Thu Nguyễn
490,19069349,Tuyệt vời,đóng gói kỹ lưỡng. ,Tốt,0,2032762973,5,huỳnh tây
491,19067298,Tuyệt vời,"chuyên nghiệp, thân thiện. đẹp như mô tả. đóng gói kỹ lưỡng. chất lượng tuyệt vời. giá tốt. giao hàng nhanh bất ngờ. ",Tốt,0,2026737445,5,Nguyễn Quốc Thạc
492,19065032,Tuyệt vời,đẹp như mô tả. đóng gói kỹ lưỡng. chất lượng tuyệt vời. giá tốt. ,Tốt,0,2041594288,5,Nguyễn Nguyễn
493,19064247,Tuyệt vời,,Tốt,0,2022203795,5,Nguyen Thi Huong Thom
494,19062637,Tuyệt vời,"chuyên nghiệp, thân thiện. đẹp như mô tả. đóng gói kỹ lưỡng. chất lượng tuyệt vời. giao hàng nhanh bất ngờ. ",Tốt,0,2041237971,5,Đánh giá ẩn danh
495,19061033,Tuyệt vời,"chuyên nghiệp, thân thiện. đẹp như mô tả. ",Tốt,0,2036683141,5,Nguyen Van Thuong
496,19058405,Tuyệt vời,chất lượng tuyệt vời. ,Tốt,0,2041646008,5,DIEN VO VAN
497,19057278,Tuyệt vời,,Tốt,0,2014096816,5,Su Nguyen
498,19056912,Tuyệt vời,đẹp như mô tả. ,Tốt,0,2040475324,5,Đức 
499,19056455,Tuyệt vời,,Tốt,0,2018365403,5,vu hoàng tạo
500,19055777,Tuyệt vời,giá tốt. ,Tốt,0,2023521319,5,CHâu Du
501,19053253,Tuyệt vời,đẹp như mô tả. chất lượng tuyệt vời. ,Tốt,0,2022419276,5,Đinh Cuong Duong
502,19053061,Tuyệt vời,,Tốt,0,2041311911,5,trần minh thành
503,19052607,Tuyệt vời,đẹp như mô tả. ,Tốt,0,2038238924,5,nguyên bá
504,19051875,Tuyệt vời,,Tốt,0,2034697408,5,trần văn hưng
505,19050556,Tuyệt vời,,Tốt,0,2025832493,5,dung bui thi
506,19049796,Tuyệt vời,giống như mô tả ,Tốt,0,2027759277,5,0*** 
507,19049468,Tuyệt vời,,Tốt,0,2020735407,5,Ngô Khương
508,19048191,Tuyệt vời,,Tốt,0,2021429577,5,Bích Vân
509,19048184,Tuyệt vời,đẹp như mô tả. ,Tốt,0,2020689158,5,Phamvanhun
510,19047275,Tuyệt vời,,Tốt,0,2038467017,5,Tra Vinh Tra Vinh
511,19046868,Tuyệt vời,,Tốt,0,2041633934,5,hồ
512,19045466,Tuyệt vời,,Tốt,0,2038674342,5,Duong Nguyen
513,19045061,Tuyệt vời,"chuyên nghiệp, thân thiện. đẹp như mô tả. giao hàng nhanh bất ngờ. ",Tốt,0,2040886835,5,Nguyễn Văn Long
514,19044837,Tuyệt vời,,Tốt,0,2013450914,5,Pham Trung
515,19044602,Tuyệt vời,,Tốt,0,2035776852,5,Đánh giá ẩn danh
516,19044544,Tuyệt vời,đẹp như mô tả. ,Tốt,0,2035821447,5,sơn sơn
517,19044497,Tuyệt vời,,Tốt,0,2037317678,5,Nguyễn Minh hạnh
518,19043859,Không hài lòng,,Xấu,0,2041197517,1,Iuu Tran
519,19041744,Tuyệt vời,,Tốt,0,2031855104,5, võ công vĩnh
520,19039916,Tuyệt vời,,Tốt,0,2026102299,5,Dinh Tan Anh
521,19037783,Tuyệt vời, sp tot,Tốt,0,2018373385,5,Tran Manh
522,19037385,Tuyệt vời,"chuyên nghiệp, thân thiện. đẹp như mô tả. giá tốt. ",Tốt,0,2039266500,5,0*** 
523,19037155,Tuyệt vời,,Tốt,0,2021291821,5,vuong le hunh
524,19037071,Tuyệt vời,đẹp như mô tả. chất lượng tuyệt vời. đóng gói kỹ lưỡng. giao hàng nhanh bất ngờ. ,Tốt,0,2016138468,5,Trần Đình Hải
525,19035734,Tuyệt vời,,Tốt,0,2038282809,5,Sử Văn Nguyễn
526,19034888,Chưa hài lòng,,Xấu,0,2040393236,2,0*** 
527,19032134,Tuyệt vời,chất lượng tuyệt vời. ,Tốt,0,2040722001,5,nguyễn thị đào
528,19031898,Tuyệt vời,,Tốt,0,2016796259,5, Trần Trọng Nghĩa
529,19031439,Tuyệt vời,,Tốt,0,2036308291,5,Nguyễn Hương Giang
530,19031409,Tuyệt vời,,Tốt,0,2027390698,5,Nguyễn Văn Đảng
531,19031317,Tuyệt vời,đẹp như mô tả. chất lượng tuyệt vời. giá tốt. ,Tốt,0,2038641996,5,Bảo An Hà
532,19030227,Tuyệt vời,đẹp như mô tả. chất lượng tuyệt vời. ,Tốt,0,2020844274,5,tai huynh huu
533,19029385,Tuyệt vời,,Tốt,0,2022403374,5,tathilanh
534,19029219,Tuyệt vời,"chuyên nghiệp, thân thiện. đẹp như mô tả. đóng gói kỹ lưỡng. chất lượng tuyệt vời. giá tốt. giao hàng nhanh bất ngờ. ",Tốt,1,2037539080,5,Trịnh Thị Truyện
535,19027267,Hài lòng,,Tốt,0,2016363115,4,Tran Khai Huyen Long
536,19025944,Tuyệt vời,đẹp như mô tả. đóng gói kỹ lưỡng. ,Tốt,0,2014741093,5,Mạnh anh Anh
537,19024383,Chưa hài lòng,,Xấu,0,2041543950,2,le thi mong thu
538,19017174,Tuyệt vời,"chuyên nghiệp, thân thiện. đẹp như mô tả. đóng gói kỹ lưỡng. chất lượng tuyệt vời. giao hàng nhanh bất ngờ. ",Tốt,0,2029952299,5,hà thị hoa
539,19016676,Tuyệt vời,đẹp như mô tả. chất lượng tuyệt vời. giá tốt. giao hàng nhanh bất ngờ. ,Tốt,0,2024818312,5,Trường Anh
540,19013991,Tuyệt vời,"chuyên nghiệp, thân thiện. đẹp như mô tả. đóng gói kỹ lưỡng. chất lượng tuyệt vời. giá tốt. giao hàng nhanh bất ngờ. ",Tốt,0,2037645631,5,Giang Đức Thắng
541,19012742,Tuyệt vời,"chuyên nghiệp, thân thiện. đẹp như mô tả. chất lượng tuyệt vời. giá tốt. ",Tốt,0,2038643068,5,Nguyễn Lan
542,19011024,Tuyệt vời,đẹp như mô tả. ,Tốt,0,2022813925,5,Lê Đức Hạnh
543,19010652,Tuyệt vời,giá tốt. ,Tốt,0,2013813925,5,Nguyen van To
544,19009534,Tuyệt vời,"chuyên nghiệp, thân thiện. đẹp như mô tả. ",Tốt,0,2039154551,5,Luân
545,19008723,Tuyệt vời,"chuyên nghiệp, thân thiện. đẹp như mô tả. đóng gói kỹ lưỡng. chất lượng tuyệt vời. giá tốt. giao hàng nhanh bất ngờ. ",Tốt,0,2038509327,5,0*** 
546,19006833,Không hài lòng,,Xấu,0,2030573426,1,ytam
547,19006628,Tuyệt vời,đóng gói kỹ lưỡng. chất lượng tuyệt vời. ,Tốt,0,2018622875,5,a hey
548,19005040,Không hài lòng,,Xấu,0,2036227519,1,lethanhvinh
549,19000698,Tuyệt vời,giá tốt. ,Tốt,0,2022953434,5,0*** 
550,18998639,Tuyệt vời,,Tốt,0,2037103677,5,Trịnh Quang Thuận
551,18994339,Tuyệt vời,,Tốt,0,2036308291,5,Nguyễn Hương Giang
552,18992767,Tuyệt vời,,Tốt,0,2021108185,5,công Nguyễn văn
553,18992538,Tuyệt vời,"chuyên nghiệp, thân thiện. đẹp như mô tả. ",Tốt,0,2021127440,5,dinh kien
554,18990301,Tuyệt vời,đẹp như mô tả. giá tốt. ,Tốt,0,2018812149,5,tan Phung viet
555,18989446,Tuyệt vời,đẹp như mô tả. ,Tốt,0,2031148979,5,Đánh giá ẩn danh
556,18988932,Tuyệt vời,,Tốt,0,2024898815,5,trinhle
557,18988694,Tuyệt vời,đẹp như mô tả. đóng gói kỹ lưỡng. chất lượng tuyệt vời. giá tốt. ,Tốt,0,2016138468,5,Trần Đình Hải
558,18988000,Tuyệt vời,đẹp như mô tả. ,Tốt,0,2022199366,5,Van Thin Nguyen
559,18986691,Tuyệt vời,,Tốt,0,2040056124,5,Nhan Truong
560,18985839,Tuyệt vời,đẹp như mô tả. đóng gói kỹ lưỡng. chất lượng tuyệt vời. ,Tốt,0,2041533759,5,Mai Bảo Anh
561,18983315,Tuyệt vời,"chuyên nghiệp, thân thiện. đẹp như mô tả. đóng gói kỹ lưỡng. chất lượng tuyệt vời. giá tốt. giao hàng nhanh bất ngờ. ",Tốt,0,2040577284,5,minh trang
562,18982643,Tuyệt vời,,Tốt,0,2020372636,5,Duyên Công
563,18981200,Tuyệt vời,giá tốt. giao hàng nhanh bất ngờ. ,Tốt,0,2024397743,5,Nguyễn Mạnh Hùng
564,18978616,Tuyệt vời,"chuyên nghiệp, thân thiện. xài quá tốt,giá rẻ",Tốt,0,2013670844,5,Nguyễn Đức
565,18975777,Tuyệt vời,,Tốt,0,424443,5,My Phạm
566,18975257,Tuyệt vời,"chuyên nghiệp, thân thiện. đẹp như mô tả. đóng gói kỹ lưỡng. chất lượng tuyệt vời. giá tốt. giao hàng nhanh bất ngờ. ",Tốt,0,2028582626,5,lê thị út mơ
567,18974141,Tuyệt vời,,Tốt,0,2041345600,5,0*** 
568,18973894,Tuyệt vời,,Tốt,0,2020316959,5,nguyễn văn đồng
569,18973045,Tuyệt vời,"chuyên nghiệp, thân thiện. đẹp như mô tả. đóng gói kỹ lưỡng. chất lượng tuyệt vời. giá tốt. giao hàng nhanh bất ngờ. ",Tốt,0,2026569952,5,Phú Phạm Trường
570,18972617,Tuyệt vời,,Tốt,0,2014473643,5,Ngô duy Tiến
571,18972076,Tuyệt vời,đẹp như mô tả. đóng gói kỹ lưỡng. chất lượng tuyệt vời. giá tốt. giao hàng nhanh bất ngờ. ,Tốt,0,2041533759,5,Đánh giá ẩn danh
572,18971235,Tuyệt vời,,Tốt,0,2036539853,5,Ti Na
573,18969583,Tuyệt vời,"chuyên nghiệp, thân thiện. đẹp như mô tả. đóng gói kỹ lưỡng. chất lượng tuyệt vời. giá tốt. giao hàng nhanh bất ngờ. ",Tốt,0,2013867968,5,Lê Nguyên Bá
574,18968860,Tuyệt vời,,Tốt,0,2033973895,5, Lê Hoa Hoa
575,18968033,Tuyệt vời,"chuyên nghiệp, thân thiện. đẹp như mô tả. đóng gói kỹ lưỡng. chất lượng tuyệt vời. giá tốt. giao hàng nhanh bất ngờ. ",Tốt,0,2036098129,5,Trần Thị Nhung
576,18967245,Tuyệt vời,đẹp như mô tả. đóng gói kỹ lưỡng. giá tốt. ,Tốt,0,2021809277,5,Nguyen Bich
577,18966810,Tuyệt vời,,Tốt,0,2030901884,5,thichthilam
578,18965382,Tuyệt vời,,Tốt,0,2040018729,5,lyhieploi
579,18964132,Hài lòng,,Tốt,0,2024100331,4,dung ho tan
580,18963181,Tuyệt vời,đẹp như mô tả. đóng gói kỹ lưỡng. giá tốt. ,Tốt,0,2040906923,5,TRẦN THOẠI
581,18961280,Tuyệt vời,đẹp như mô tả. ,Tốt,0,2022953434,5,0*** 
582,18958073,Tuyệt vời,chất lượng tuyệt vời. giá tốt. ,Tốt,0,2021678755,5,thuý Nguyễn
583,18955411,Tuyệt vời,,Tốt,0,2040885123,5,Lê Văn Tâm
584,18954959,Tuyệt vời,,Tốt,0,245623,5,Nguyễn Văn Thắng Thắng
585,18954535,Tuyệt vời,,Tốt,0,2026232928,5,hong nguyen bich
586,18954274,Tuyệt vời,đóng gói kỹ lưỡng. ,Tốt,0,2028348008,5,0*** 
587,18954115,Hài lòng,đúng mô tả. ,Tốt,0,2040481482,4,truong minh man
588,18954035,Tuyệt vời,,Tốt,0,2033080957,5,Tung van
589,18953554,Tuyệt vời,"chuyên nghiệp, thân thiện. đẹp như mô tả. giá tốt. ",Tốt,0,2036141183,5,Tam Minh
590,18952284,Tuyệt vời,chất lượng tuyệt vời. ,Tốt,0,2032181514,5,Nham Duong
591,18951802,Tuyệt vời,,Tốt,0,2021470556,5,lyhuuloc
592,18951571,Tuyệt vời,"chuyên nghiệp, thân thiện. đẹp như mô tả. đóng gói kỹ lưỡng. chất lượng tuyệt vời. giá tốt. giao hàng nhanh bất ngờ. ",Tốt,0,2033824040,5,Vu Thi Thanh
593,18951540,Tuyệt vời,,Tốt,0,2041382756,5,trinh kim tung
594,18950737,Tuyệt vời,,Tốt,0,2019437202,5,kimxuyen
595,18947305,Tuyệt vời,,Tốt,0,2034995437,5,Trần Thanh
596,18946261,Tuyệt vời,,Tốt,0,2027708492,5,cũ Lê văn
597,18946059,Tuyệt vời,đẹp như mô tả. ,Tốt,0,2026330505,5,năng lê minh
598,18945226,Tuyệt vời,"chuyên nghiệp, thân thiện. đẹp như mô tả. đóng gói kỹ lưỡng. giá tốt. giao hàng nhanh bất ngờ. ",Tốt,0,2019411373,5,Bùi An
599,18943303,Tuyệt vời,,Tốt,0,2028928810,5,Đánh giá ẩn danh
600,18943112,Tuyệt vời,chất lượng tuyệt vời. ,Tốt,0,2036539853,5,Ti Na
601,18941970,Tuyệt vời,đẹp như mô tả. chất lượng tuyệt vời. giá tốt. giao hàng nhanh bất ngờ. ,Tốt,0,2040018729,5,lyhieploi
602,18937693,Tuyệt vời,,Tốt,0,2041382756,5,trinh kim tung
603,18936693,Tuyệt vời,đẹp như mô tả. chất lượng tuyệt vời. giá tốt. giao hàng nhanh bất ngờ. ,Tốt,0,2034798810,5, nguyen van manh
604,18936040,Tuyệt vời,,Tốt,0,2039706492,5,Bằng Phạm
605,18936016,Tuyệt vời,,Tốt,0,2033794295,5,huonggiang
606,18934989,Tuyệt vời,,Tốt,0,2020233937,5,quỳnh ngân
607,18932290,Tuyệt vời,,Tốt,0,2039440564,5,Nguyễn hữu Tình
608,18925550,Hài lòng,chuyên nghiệp. ,Tốt,0,2033957478,4,seven m
609,18924519,Tuyệt vời,ok lắm ,Tốt,0,2041463123,5,Phạm Phúc
610,18917828,Tuyệt vời,,Tốt,0,2017518272,5,Trần Minh Hoàng
611,18917546,Tuyệt vời,đẹp như mô tả. giá tốt. ,Tốt,0,2039018158,5,Phúc Huy
612,18917063,Tuyệt vời,giá tốt. ,Tốt,0,2041451262,5,thu hiền
613,18913908,Tuyệt vời,"chuyên nghiệp, thân thiện. ",Tốt,0,2037256374,5,Đinh Anh Tuấn
614,18908540,Tuyệt vời,"chuyên nghiệp, thân thiện. ",Tốt,0,2022369101,5,hoangoanh0939760025@gmail.com hoangoanh0939760025@gmail.com
615,18907864,Tuyệt vời,ok ,Tốt,0,2025957871,5,tu nguyen van
616,18907025,Tuyệt vời,"chuyên nghiệp, thân thiện. đẹp như mô tả. ",Tốt,0,2041340057,5,Nguyễn Hồng Phúc
617,18906879,Hài lòng,,Tốt,0,2034832227,4, lê minh Thái
618,18903968,Tuyệt vời,hag ok tốt,Tốt,0,2020517041,5,Trần Luận
619,18903648,Tuyệt vời,đẹp như mô tả. ,Tốt,0,2028278504,5,Đặng nghĩa dân
620,18901428,Hài lòng,,Tốt,0,2025138985,4,hieu hieu
621,18897857,Tuyệt vời,,Tốt,0,2037629255,5,Nguyễn Sinh lộc
622,18895515,Tuyệt vời,,Tốt,0,2037256374,5,Đinh Anh Tuấn
623,18894451,Tuyệt vời,đẹp như mô tả. chất lượng tuyệt vời. giá tốt. ,Tốt,0,2031148979,5,Đánh giá ẩn danh
624,18893430,Tuyệt vời,,Tốt,0,2020846281,5,Duong Ngoc Hung
625,18892404,Tuyệt vời,,Tốt,0,2040877178,5,Quốc Hòa
626,18891435,Tuyệt vời,,Tốt,0,2018648291,5,Lộc Nguyễn
627,18889122,Tuyệt vời,đẹp như mô tả. giá tốt. ,Tốt,0,2039018158,5,Phúc Huy
628,18887288,Tuyệt vời,"chuyên nghiệp, thân thiện. đẹp như mô tả. đóng gói kỹ lưỡng. chất lượng tuyệt vời. giá tốt. ",Tốt,0,2014090362,5,Nguyên Toàn
629,18883591,Tuyệt vời,đẹp như mô tả. ,Tốt,0,2036683583,5,Nguyễn Hiếu
630,18883070,Tuyệt vời,,Tốt,0,2025138985,5,hieu hieu
631,18879086,Tuyệt vời,đẹp như mô tả. ,Tốt,0,2027390139,5,Quoc Huy Pham
632,18878536,Tuyệt vời,ok hàng giống như đã đặc.. mình chúc shop luôn luôn được nhiều khách hàng ,Tốt,0,2028421144,5,NGUYEN HUU THANH
633,18877848,Tuyệt vời,,Tốt,0,2040815154,5,Đức mạnh
634,18876583,Tuyệt vời,"chuyên nghiệp, thân thiện. đẹp như mô tả. đóng gói kỹ lưỡng. chất lượng tuyệt vời. giá tốt. ",Tốt,0,2041402441,5,Đánh giá ẩn danh
635,18862861,Tuyệt vời,tạm ổn,Tốt,0,2016399371,5,Nguyễn Hoài AG
636,18862573,Tuyệt vời,đẹp như mô tả. đóng gói kỹ lưỡng. ,Tốt,0,2027390139,5,Quoc Huy Pham
637,18861724,Tuyệt vời,"chuyên nghiệp, thân thiện. đẹp như mô tả. giá tốt. ",Tốt,0,2038704947,5,nhỏ ngốk
638,18858237,Tuyệt vời,chất lượng tuyệt vời. ,Tốt,0,2040414967,5,Phạm mỹ mỹ
639,18850852,Tuyệt vời,"chuyên nghiệp, thân thiện. ",Tốt,0,2024598540,5,Phước Tân
640,18850709,Tuyệt vời,,Tốt,0,2019436442,5,sang tran thanh
641,18848795,Tuyệt vời,đẹp như mô tả. ,Tốt,0,2020341217,5,levanchuong
642,18846934,Tuyệt vời,ok ,Tốt,0,2033051471,5,dinh anh duan
643,18835636,Tuyệt vời,,Tốt,0,2032235543,5,nghia nguyen trong
644,18830331,Tuyệt vời,xứng đáng từng xu,Tốt,0,2038464051,5,Việt Đinh
