﻿,id,title,comment,default_sentiment,like_count,customer_id,rating_star,customer_name
0,19076551,Tuyệt vời,"chuyên nghiệp, thân thiện. đẹp như mô tả. đóng gói kỹ lưỡng. chất lượng tuyệt vời. giá tốt. hàng ok nha mọi người ",Tốt,0,2023247897,5,Vy Vy
1,19013801,Tuyệt vời,,Tốt,0,2041319822,5,chếduy
2,18977024,Tuyệt vời,,Tốt,0,2014041962,5,Phạm Thị Kim Oanh
3,18958555,Tuyệt vời,đẹp như mô tả. đóng gói kỹ lưỡng. chất lượng tuyệt vời. giá tốt. ,Tốt,0,2024645431,5,Lê Thị thanh hà
4,18948182,Tuyệt vời,"chuyên nghiệp, thân thiện. ",Tốt,0,2039836278,5,Tuoi Tran
5,18945256,Tuyệt vời,"chuyên nghiệp, thân thiện. đẹp như mô tả. đóng gói kỹ lưỡng. chất lượng tuyệt vời. giá tốt. giao hàng nhanh bất ngờ. ",Tốt,0,2038722384,5,Phạm thu Hoài
6,18865963,Tuyệt vời,,Tốt,0,2036103675,5,Lê thị Thảo
7,18856224,Tạm hài lòng,chất lượng ổn. ,Bình thường,0,2020058447,3,Đánh giá ẩn danh
8,18854619,Tuyệt vời,,Tốt,0,2035976835,5,caobinh
9,18840086,Tuyệt vời,"chuyên nghiệp, thân thiện. đẹp như mô tả. chất lượng tuyệt vời. giá tốt. giao hàng nhanh bất ngờ. ",Tốt,0,2035976835,5,caobinh
10,18836628,Tuyệt vời,,Tốt,0,2014239201,5,Tram Ceci
11,18825184,Tuyệt vời,,Tốt,0,2035790043,5,Nguyễn Thị Hưng
12,18824893,Tạm hài lòng,lưng cao wa ,Bình thường,0,2038376145,3,lam trân
13,18821670,Tuyệt vời,đẹp như mô tả. ,Tốt,0,2024115796,5,Quế Nguyễn Thị
14,18821490,Tuyệt vời,đẹp như mô tả. ,Tốt,0,2029670560,5,lêthitrang
15,18820266,Tạm hài lòng,size nhỏ,Bình thường,0,2024524087,3,Thanh Nga
16,18818074,Tuyệt vời,,Tốt,0,2020237573,5,Triều Hoàng
17,18816239,Không hài lòng,chất lượng cần tốt hơn. hàng xấu quá,Xấu,0,2040980028,1,Bin Bin
18,18812241,Tuyệt vời,đẹp như mô tả. chất lượng tuyệt vời. giá tốt. ,Tốt,0,2027113182,5,Nguyễn Thái ngân
19,18810976,Hài lòng,,Tốt,0,2035071837,4,quang
20,18809338,Tuyệt vời,hàng đẹp,Tốt,0,2038478468,5,Huỳnh Như Ý
21,18805313,Không hài lòng,cần đúng với mô tả. ,Xấu,0,2017653687,1,Trần Thị Ngọc Thiệt
22,18762223,Tuyệt vời,,Tốt,0,2019775211,5,nhung tuyết
23,18756158,Tuyệt vời,,Tốt,0,2020754466,5,tran thanh dung
24,18742976,Tuyệt vời,,Tốt,0,2018574742,5,Phương Phạm Thị
25,18739511,Tuyệt vời,,Tốt,0,2022623601,5,trinhthihuyen trinhthihuyen
26,18728227,Tuyệt vời,,Tốt,0,2027159341,5,Đoàn Tâm
27,18727904,Tuyệt vời,"chuyên nghiệp, thân thiện. ",Tốt,0,2040979153,5,Nguyễn Tường Vân
28,18724852,Không hài lòng,"cần đúng với mô tả. hàng hóa gì ko có mác, nhìn giống như hàng cũ ai giám mặc ",Xấu,0,2026195176,1,Duongloan
29,18715612,Tuyệt vời,hàng đẹp đúng như hình chịu ,Tốt,0,2026140987,5,minh
30,18711390,Tạm hài lòng,,Bình thường,0,2029336177,3,Hoá Huỳnh
31,18704972,Hài lòng,giá hợp lý. ,Tốt,0,2017237149,4,Đánh giá ẩn danh
32,18704052,Tuyệt vời,,Tốt,0,2041029448,5,ngọc hân
33,18702557,Tuyệt vời,đẹp như mô tả. ,Tốt,0,2020486546,5,Hoàng Như Lan
34,18685865,Hài lòng,chuyên nghiệp. ,Tốt,0,2027710842,4,Oc Tieu
35,18543562,Tuyệt vời,,Tốt,0,2038913677,5,thì ông rhuob
36,18490609,Tuyệt vời,đóng gói kỹ lưỡng. ,Tốt,0,2021413612,5,hai
37,18447931,Tuyệt vời,,Tốt,0,2040097190,5,Đỗ Thanh Ngọc
38,18419914,Tuyệt vời,đẹp như mô tả. ,Tốt,0,2040667176,5,đinh hạnh
39,18316514,Không hài lòng,hàng trung quốc,Xấu,0,2024792937,1,dương võ Văn
40,18297224,Tuyệt vời,,Tốt,0,2025524277,5,phương ho phong
41,18284419,Tuyệt vời,,Tốt,0,2033669911,5,nguyễn thị niềm
42,18261896,Tuyệt vời,,Tốt,0,2030352050,5,Mai Chi
43,18248028,Tuyệt vời,,Tốt,0,2039620422,5,Vũ Nguyễn
44,18246450,Tuyệt vời,đặt loại này giao loại khác. đóng cửa nghỉ bán  là vừa ,Tốt,0,2040463785,5,dương minh châu
45,18234327,Tuyệt vời,,Tốt,0,2027996797,5,ngô thị mỹ linh
46,18217109,Tuyệt vời,,Tốt,0,2013226435,5,Bùi Trọng Đạt
47,18204693,Tuyệt vời,,Tốt,0,2024730364,5,Nguyen Giang
48,18187862,Tuyệt vời,,Tốt,0,2027192493,5,Thiều Tám
49,18176320,Tuyệt vời,,Tốt,0,2040433053,5,0*** 
50,18157543,Tuyệt vời,,Tốt,0,2031552938,5,Ly Trình
51,18154615,Tuyệt vời,"chuyên nghiệp, thân thiện. ",Tốt,0,2039077591,5,Dinh Luong
52,18134357,Tuyệt vời,đẹp như mô tả. ,Tốt,0,2022511650,5,0*** 
53,18133396,Không hài lòng,"cần đúng với mô tả. giao hàng cần nhanh hơn. giao hàng thiếu 1 chiếc, giao hàng quá chậm, rất không hài lòng",Xấu,0,2019996199,1,Hongcuc Nguyen
54,18122729,Tuyệt vời,,Tốt,0,2028717698,5,dao hoang long
55,18117223,Tuyệt vời,hàng đẹp giao hàng nhanh,Tốt,0,2016365030,5,Nguyen Ngoc
56,18115140,Tuyệt vời,đẹp như mô tả. đóng gói kỹ lưỡng. giao hàng nhanh bất ngờ. ,Tốt,0,2021087933,5,ha vu
57,18084441,Hài lòng,,Tốt,0,2032398346,4,hương trầm
58,18078549,Tuyệt vời,,Tốt,0,2013240881,5,tran thi ha phuong
59,18069448,Tuyệt vời,giao hàng nhanh bất ngờ. ,Tốt,0,2020185613,5,hang nguyen thi thu
60,18066361,Chưa hài lòng,,Xấu,0,2040324471,2,lovan
61,18062049,Không hài lòng,,Xấu,0,2029548687,1,thư Lê thị
62,18050346,Hài lòng,,Tốt,0,2035584696,4,Lâm Nguyễn
63,18038473,Tuyệt vời,,Tốt,0,2017611916,5,Đánh giá ẩn danh
64,18036149,Tuyệt vời,chất lượng tuyệt vời. ,Tốt,0,2040270098,5,Lâm Thị
65,18027662,Tuyệt vời,,Tốt,0,2038960289,5,Triêụ Luyên
66,18019511,Tuyệt vời,,Tốt,0,2016961218,5,Thanh Danh Pham
67,18014775,Tuyệt vời,đặt sai xl mà gao sai l ,Tốt,0,2029694308,5,thúy phạm thị cẩm
68,18011281,Tuyệt vời,,Tốt,0,2035522994,5,hà trang
69,17996323,Tuyệt vời,"chuyên nghiệp, thân thiện. đẹp như mô tả. đóng gói kỹ lưỡng. chất lượng tuyệt vời. giá tốt. giao hàng nhanh bất ngờ. ",Tốt,0,2035588017,5,vương bích phượng
70,17993566,Tuyệt vời,"chuyên nghiệp, thân thiện. đẹp như mô tả. chất lượng tuyệt vời. giá tốt. ",Tốt,0,2036154102,5,nguyen thị hien
71,17988724,Chưa hài lòng,đặt hàng sai xl gửi toàn sai l là sao shop tặng cho 2 sao ,Xấu,0,2034423711,2,basic-botique
72,17979793,Tuyệt vời,"chuyên nghiệp, thân thiện. đẹp như mô tả. ",Tốt,0,2021665705,5,Nguyên Tài
73,17979238,Tuyệt vời,,Tốt,0,2022150246,5,hảo hoàng
74,17977773,Hài lòng,,Tốt,0,2038674565,4,kim long
75,17974134,Tuyệt vời,sản phẩm tốt đúng mô tả ,Tốt,0,2033356242,5,ngoc lan
76,17967543,Tuyệt vời,"chuyên nghiệp, thân thiện. đẹp như mô tả. đóng gói kỹ lưỡng. giá tốt. giao hàng nhanh bất ngờ. ",Tốt,0,2031716009,5,hươngheo
77,17964205,Chưa hài lòng,,Xấu,0,2040160413,2,Nguyễn Thị Mai
78,17961379,Tuyệt vời,"chuyên nghiệp, thân thiện. đẹp như mô tả. chất lượng tuyệt vời. giá tốt. giao hàng nhanh bất ngờ. ",Tốt,0,2029023761,5,Nguyễn Hoài Văn
79,17950445,Tuyệt vời,,Tốt,0,2040051235,5,Đổng thị Bích tiền
80,17935804,Hài lòng,,Tốt,0,2037572485,4,Trần Thuý Hoa
81,17910833,Tuyệt vời,đẹp như mô tả. chất lượng tuyệt vời. giá tốt. ,Tốt,0,2021105338,5,hoa nguyễn
82,17809419,Tuyệt vời,"chuyên nghiệp, thân thiện. đẹp như mô tả. ",Tốt,0,2039654731,5,Liên Lự
83,17790844,Tuyệt vời,,Tốt,0,2020256641,5,Ngoc Ngoc
84,17685962,Tuyệt vời,đẹp như mô tả. ,Tốt,0,2039374864,5,trương thị cúc
85,17630775,Tuyệt vời,,Tốt,0,2027313545,5,Thắng Nguyễn Mạnh
86,17599590,Tuyệt vời,,Tốt,0,2038517796,5,Nguyen Hieu
87,17543049,Tuyệt vời,đẹp như mô tả. ,Tốt,0,2033097586,5,A Nguyên
88,17523576,Tuyệt vời,"chuyên nghiệp, thân thiện. đẹp như mô tả. chất lượng tuyệt vời. giá tốt. ",Tốt,0,2030179414,5,Đinh Thị Thu Thanh
89,17515792,Tuyệt vời,"chuyên nghiệp, thân thiện. đẹp như mô tả. chất lượng tuyệt vời. ",Tốt,0,2036005724,5,Phong Dinh
90,17490392,Tuyệt vời,,Tốt,0,2035616040,5,ngọc ngọc
91,17482086,Tuyệt vời,"chuyên nghiệp, thân thiện. đẹp như mô tả. đóng gói kỹ lưỡng. chất lượng tuyệt vời. giá tốt. giao hàng nhanh bất ngờ. ",Tốt,0,2019412253,5,Phúc Diễm
92,17469009,Tuyệt vời,giá tốt. ,Tốt,0,2038625951,5,Thi My Nguyet Quang
93,17467624,Tuyệt vời,giá tốt. ,Tốt,0,2032703069,5, Hoàng Tấm
94,17455519,Tuyệt vời,đẹp như mô tả. chất lượng tuyệt vời. ,Tốt,0,2021549008,5,minh ngoc
95,17453217,Tuyệt vời,đẹp như mô tả. đóng gói kỹ lưỡng. chất lượng tuyệt vời. giá tốt. ,Tốt,0,2031263307,5,Le Cúc
96,17446997,Tuyệt vời,,Tốt,0,2035966107,5,Diễm nguyễn
97,17446027,Tuyệt vời,,Tốt,0,2017912977,5, Ly rubi
98,17445915,Tuyệt vời,đẹp như mô tả. đóng gói kỹ lưỡng. chất lượng tuyệt vời. giá tốt. ,Tốt,0,2029014729,5,bui thi thao
99,17434345,Tuyệt vời,chất lượng tuyệt vời. ,Tốt,0,2013487514,5,Nguyễn Thị Hồng
100,17431771,Tuyệt vời,"chuyên nghiệp, thân thiện. đẹp như mô tả. đóng gói kỹ lưỡng. chất lượng tuyệt vời. giá tốt. giao hàng nhanh bất ngờ. ",Tốt,0,2028278639,5,hoa hoa
101,17429967,Tuyệt vời,đẹp như mô tả. ,Tốt,0,2038998243,5,HDung Nguyen
102,17420040,Tuyệt vời,,Tốt,0,2038881884,5,Socolaanny Nguyen
103,17415535,Tuyệt vời,đẹp như mô tả. giá tốt. ,Tốt,0,2038902694,5,Huyen Luong
104,17403206,Tuyệt vời,đẹp như mô tả. đóng gói kỹ lưỡng. giao hàng nhanh bất ngờ. ,Tốt,0,2019878660,5,thuật nguyễn
105,17386990,Tuyệt vời,,Tốt,0,2029263348,5,trầm văn chung
106,17380440,Tuyệt vời,đẹp như mô tả. giá tốt. ,Tốt,0,2019973205,5,Đánh giá ẩn danh
107,17380119,Tuyệt vời,đẹp như mô tả. đóng gói kỹ lưỡng. chất lượng tuyệt vời. giao hàng nhanh bất ngờ. ,Tốt,0,2038965641,5,hoàng sen
108,17370291,Tuyệt vời,,Tốt,0,2034668480,5, nguyên Hông Thuân
109,17369646,Hài lòng,,Tốt,0,2025277554,4,0*** 
110,17356472,Tuyệt vời,quần đẹp thoáng mát  ok,Tốt,0,2019761011,5,Minh Châu
111,17350109,Chưa hài lòng,chất lượng cần tốt hơn. không phải cotton. buồn,Xấu,0,2038997870,2,Thảo
112,17348255,Chưa hài lòng,giá đắt. ,Xấu,0,2013187389,2,Lê Quang Lộc
113,17345845,Tuyệt vời,giá tốt. ,Tốt,0,2038851189,5,Thao Thanh
114,17341450,Tuyệt vời,đẹp như mô tả. ,Tốt,0,2038913538,5,nguyễn thị ngọc bích
115,17341136,Tuyệt vời,,Tốt,0,2036733390,5,Huyền Trân
116,17338184,Tuyệt vời,hàng đẹp. đi êm chân .phù hợp để chạy bộ,Tốt,0,2022060376,5,Đỗ Thị Hà Lan
117,17335425,Tuyệt vời,đẹp như mô tả. đóng gói kỹ lưỡng. chất lượng tuyệt vời. giá tốt. giao hàng hơi lâu,Tốt,0,2014807086,5,Nguyen Tram
118,17330747,Hài lòng,,Tốt,0,2034548737,4, tran ngọc hung
119,17326617,Tạm hài lòng,,Bình thường,0,2033552209,3,pham thi Thanh thuy
120,17317731,Tuyệt vời,chất lượng tuyệt vời. ,Tốt,0,2032985596,5,Nguyen NgocAn
121,17317516,Hài lòng,giao hàng nhanh. ,Tốt,0,2018306658,4,quang dũng
122,17309084,Tuyệt vời,giá tốt. ,Tốt,0,2038921056,5,Lư Kim Hùng
123,17307191,Tuyệt vời,đẹp như mô tả. giao hàng nhanh bất ngờ. ,Tốt,0,2019541900,5,Chi Dương
124,17295007,Tuyệt vời,đẹp như mô tả. giá tốt. giao hàng nhanh bất ngờ. ,Tốt,0,2025739708,5,ngọc
125,17291500,Tuyệt vời,,Tốt,0,2015736558,5,Cao thi Ha
126,17290971,Hài lòng,đúng mô tả. ,Tốt,0,2033097586,4,A Nguyên
127,17281142,Không hài lòng,cần đúng với mô tả. chất lượng cần tốt hơn. hàng quá gớm ,Xấu,0,2037113391,1,mai ly
128,17272749,Tuyệt vời,,Tốt,0,2020330304,5,Oanh Nguyen
129,17266508,Tuyệt vời,đẹp như mô tả. ,Tốt,0,2017996280,5,Thuy
130,17232893,Tuyệt vời,chất đẹp.thoáng  đường may vắt sợ ko đc kĩ mặc một lần đã rách,Tốt,0,2038680425,5,Pham Phuong
131,17226220,Hài lòng,chất lượng tốt. đóng gói kỹ. đúng mô tả. giá hợp lý. ,Tốt,0,2038308923,4,lê thị thu hà
132,17216849,Tuyệt vời,,Tốt,0,2022701446,5,nguyen hoa
133,17203957,Tạm hài lòng,,Bình thường,0,2038793691,3,Nguyenthithuan
134,17202258,Tuyệt vời,"chuyên nghiệp, thân thiện. đẹp như mô tả. chất lượng tuyệt vời. giá tốt. giao hàng nhanh bất ngờ. ",Tốt,0,2035685362,5,Phan Thị Diễm
135,17198112,Tuyệt vời,đẹp như mô tả. đóng gói kỹ lưỡng. giá tốt. ,Tốt,0,2038855684,5,Trung Phạm
136,17197400,Tạm hài lòng,"giao hàng tạm ổn. quân hoi mong nhin ko đep nhu trong hinh, hơi thât vong",Bình thường,0,2020269720,3,Bao Chau Bui
137,17192861,Tuyệt vời,đẹp như mô tả. giao hàng nhanh bất ngờ. ,Tốt,0,2029898591,5,Tran Chinh Anh
138,17192740,Tuyệt vời,,Tốt,0,2036078546,5,Nguyenthingoc Suong
139,17181162,Chưa hài lòng,tạm đc,Xấu,0,2034494530,2,Trang Tâys
140,17180145,Hài lòng,,Tốt,0,2029878172,4,LÊ THI HE
141,17179472,Hài lòng,giá hợp lý. giao hàng nhanh. ,Tốt,0,2036648042,4,Phạm Duyên
142,17156846,Tuyệt vời,đẹp như mô tả. chất lượng tuyệt vời. giá tốt. ,Tốt,0,2020342119,5,duyen nguyen
143,17156598,Tuyệt vời,,Tốt,0,2037740661,5,chichi2019
144,17142078,Tuyệt vời,đóng gói kỹ lưỡng. ,Tốt,0,2038525226,5,chi vu
145,17109137,Hài lòng,,Tốt,0,2021974466,4,vàng
146,17091334,Tuyệt vời,giá tốt. ,Tốt,0,2017119833,5,truong khuong
147,17090242,Tuyệt vời,,Tốt,0,2020195780,5,Nguyễn Quỳnh
148,17084548,Tuyệt vời,chất lượng tuyệt vời. ,Tốt,0,2020729576,5,dung Tran thi
149,17070101,Tuyệt vời,đóng gói kỹ lưỡng. chất lượng tuyệt vời. giá tốt. ,Tốt,0,2038051976,5,Dung Hoàng
150,17065435,Tuyệt vời,"chuyên nghiệp, thân thiện. đẹp như mô tả. ",Tốt,0,2032675532,5,annhien
151,17049273,Tuyệt vời,,Tốt,0,2037544507,5,Thu Hà
152,17041026,Tuyệt vời,,Tốt,0,197332,5,bích phượng
153,17036428,Tuyệt vời,đóng gói kỹ lưỡng. ,Tốt,0,2035054525,5,hồngtit
154,17036205,Tuyệt vời,,Tốt,0,2027153147,5,huỳnh phụng anh
155,17020072,Hài lòng,,Tốt,0,2017472053,4,Poly Lê
156,17015138,Hài lòng,giá hợp lý. ,Tốt,0,2027404399,4,Phung Dung
157,17013374,Tuyệt vời,đóng gói kỹ lưỡng. ,Tốt,0,2024494276,5,Thêu Ngọc
158,17012453,Tuyệt vời,đẹp như mô tả. đóng gói kỹ lưỡng. giá tốt. ,Tốt,0,2035692191,5,Ngọc Han
159,17004096,Tuyệt vời,"chuyên nghiệp, thân thiện. đẹp như mô tả. đóng gói kỹ lưỡng. giá tốt. giao hàng nhanh bất ngờ. ",Tốt,0,2036692333,5,Bùi thị phàn
160,17001797,Tuyệt vời,"chuyên nghiệp, thân thiện. đẹp như mô tả. đóng gói kỹ lưỡng. chất lượng tuyệt vời. giá tốt. giao hàng nhanh bất ngờ. ",Tốt,0,2038494861,5,Hao Nguyen
161,16998875,Tuyệt vời,"chuyên nghiệp, thân thiện. đẹp như mô tả. đóng gói kỹ lưỡng. chất lượng tuyệt vời. giá tốt. giao hàng nhanh bất ngờ. ",Tốt,0,2023527764,5,thanh
162,16986814,Tuyệt vời,"chuyên nghiệp, thân thiện. ",Tốt,0,2017710034,5,đỗ Kiều
163,16962724,Không hài lòng,,Xấu,0,2020023149,1,huong trinh
164,16961207,Tuyệt vời,đẹp như mô tả. chất lượng tuyệt vời. ,Tốt,0,2038453781,5,Thanhtruc
165,16954787,Tuyệt vời,,Tốt,0,2022818523,5,hong huong
166,16948703,Tuyệt vời,biết vậy kg mua.mất niềm tin vào mua hàng online.  ,Tốt,0,2035402042,5,Hai Nguyen
167,16945241,Tuyệt vời,tốt hơn so với mong đợi,Tốt,0,2022223133,5,Cẩm Hường
168,16942072,Tuyệt vời,,Tốt,0,2013046947,5,Kim Thanh
169,16939138,Tuyệt vời,đẹp như mô tả. ,Tốt,0,2023816107,5,Huyền Hà
170,16937778,Tuyệt vời,đẹp như mô tả. giao hàng nhanh bất ngờ. ,Tốt,0,2023369550,5,Nguyễn Phụng
171,16924828,Tuyệt vời,"chuyên nghiệp, thân thiện. ",Tốt,0,359665,5,Cao Thị Huyen Anh
172,16909298,Hài lòng,,Tốt,0,2028801623,4,Nguyen Thi Cam Bong
173,16908630,Hài lòng,,Tốt,0,2032378514,4,quang duy
174,16895906,Tuyệt vời,đếm đi đếm lại có 9 đôi thôi ạ  ,Tốt,0,2025149149,5,lan nguyễn thị ngọc
175,16888110,Tuyệt vời,,Tốt,0,2023527764,5,thanh
176,16886443,Tuyệt vời,đẹp như mô tả. ,Tốt,0,2014155091,5,Trần Thị Xuyến
177,16884896,Tuyệt vời,đẹp như mô tả. ,Tốt,0,2024880312,5,trang trần thị huyền
178,16883136,Tuyệt vời,"chuyên nghiệp, thân thiện. ",Tốt,0,2038524859,5,Soái Mụi
179,16878298,Tuyệt vời,"chuyên nghiệp, thân thiện. đẹp như mô tả. đóng gói kỹ lưỡng. chất lượng tuyệt vời. giá tốt. ",Tốt,0,2037692195,5,nguyễn thị tú anh
180,16870386,Tuyệt vời,đẹp như mô tả. ,Tốt,0,2038490021,5,Tham Nguyen
181,16869044,Tạm hài lòng,,Bình thường,0,2034385431,3,nguyễn thị bắc
182,16867636,Tuyệt vời,giá tốt. giao hàng nhanh bất ngờ. ,Tốt,0,2038520161,5,Hiền Khánh
183,16858535,Tuyệt vời,"chuyên nghiệp, thân thiện. đẹp như mô tả. đóng gói kỹ lưỡng. chất lượng tuyệt vời. giá tốt. ",Tốt,0,2028078906,5,Lý Nguyễn Thị
184,16839576,Không hài lòng,chất lượng quá kém  hàng lỗi k phải do shop mà do k/h k kiểm tra nên phải chịu.,Xấu,0,2020162795,1,Nguyễn Thị Thanh Thục
185,16839396,Tuyệt vời,giá tốt. ,Tốt,0,2034824106,5, le thi thu nhung
186,16831882,Hài lòng,,Tốt,0,2036166097,4,đinh thị Hợi
187,16829044,Tuyệt vời,,Tốt,0,2017717670,5,Lư Đinh Thị
188,16826577,Tuyệt vời,"chuyên nghiệp, thân thiện. ",Tốt,0,2020373323,5,oanh kim
189,16823088,Tuyệt vời,đẹp như mô tả. ,Tốt,0,2038330038,5,Vy Hongdat
190,16816803,Tuyệt vời,giá tốt. ,Tốt,0,2038316856,5,Nguyễn Minh
191,16815386,Tuyệt vời,chất lượng tuyệt vời. giá tốt. ,Tốt,0,2033433576,5,Lê Ngọc Minh Thư
192,16810565,Tuyệt vời,đẹp như mô tả. ,Tốt,0,2035631889,5,Nguyễn thị my Hoa
193,16809227,Tuyệt vời,giá tốt. ,Tốt,0,2022801215,5,Phan Thoa
194,16807660,Tuyệt vời,đóng gói kỹ lưỡng. chất lượng tuyệt vời. ,Tốt,0,2032668451,5,Hương Nguyễn Thị Lan
195,16804867,Tuyệt vời,,Tốt,0,2038048084,5,Nguyen Tan
196,16802348,Tuyệt vời,"đóng gói kỹ lưỡng. giao hàng nhanh bất ngờ. chuyên nghiệp, thân thiện. hàng xấu phù hợp với giá tiền ",Tốt,0,2028472126,5,Hường Nguyễn
197,16797823,Tuyệt vời,,Tốt,0,2016737238,5,Dung Lê
198,16793674,Tuyệt vời,đẹp như mô tả. đóng gói kỹ lưỡng. ,Tốt,0,2033449988,5,Trần Thị Mai Hoa
199,16791981,Tuyệt vời,đẹp như mô tả. ,Tốt,0,2012953580,5,Phạm thị thanh xuân
200,16791536,Tuyệt vời,"chuyên nghiệp, thân thiện. đẹp như mô tả. đóng gói kỹ lưỡng. giá tốt. giao hàng nhanh bất ngờ. ",Tốt,0,2037858547,5,Đào Thị Minh Châm
201,16784925,Tuyệt vời,,Tốt,0,2038422946,5,vu thi hong ngoc
202,16773267,Hài lòng,đóng gói kỹ. đúng mô tả. giao hàng nhanh. ,Tốt,0,2029631539,4, hhoalongding 
203,16767699,Tuyệt vời,giá tốt. ,Tốt,0,2024020405,5,duong Nguyen mai ngoc
204,16767693,Tuyệt vời,giá tốt. ,Tốt,0,2024020405,5,duong Nguyen mai ngoc
205,16765554,Tuyệt vời,,Tốt,0,2027271832,5,tran thi ngoc ha
206,16765386,Tuyệt vời,đẹp như mô tả. đóng gói kỹ lưỡng. giao hàng nhanh bất ngờ. ,Tốt,0,2023228770,5,hanh nguyen thi huu
207,16759490,Tuyệt vời,"chuyên nghiệp, thân thiện. đẹp như mô tả. đóng gói kỹ lưỡng. chất lượng tuyệt vời. ",Tốt,0,2018542445,5,Hoàng Lê Duy
208,16756347,Tuyệt vời,,Tốt,0,2020209823,5,Mỹ Trinh
209,16756036,Hài lòng,chất lượng tốt. đóng gói kỹ. đúng mô tả. giá hợp lý. giao hàng nhanh. ,Tốt,0,2028003766,4,lệnh như thị
210,16753727,Tuyệt vời,đẹp như mô tả. đóng gói kỹ lưỡng. giá tốt. giao hàng nhanh bất ngờ. ,Tốt,0,2032124767,5,duong huyen
211,16743819,Hài lòng,đóng gói kỹ. đúng mô tả. giá hợp lý. giao hàng nhanh. ,Tốt,0,2026522757,4,nguyễn thị thu hạnh
212,16736546,Tuyệt vời,,Tốt,0,2037043120,5,Nguyễn Thị Phượng
213,16734903,Tuyệt vời,"chuyên nghiệp, thân thiện. đẹp như mô tả. giá tốt. ",Tốt,0,2030552485,5,Bùi Hoa
214,16734725,Tuyệt vời,đẹp như mô tả. giao hàng nhanh bất ngờ. ,Tốt,0,2037693907,5,le anh tuan
215,16732106,Tuyệt vời,"giá tốt. quần đẹp, chất lượng vải ok. ",Tốt,0,2024296285,5,kimyen
216,16730868,Tuyệt vời,hàng đẹp ..nhung shop giao cho mình 2 size lận .thấy cả to cả nhỏ,Tốt,0,2033123020,5,Phanba Cuong
217,16727585,Tuyệt vời,đẹp như mô tả. ,Tốt,0,2019433795,5,Trinh thanh hang
218,16717894,Tuyệt vời,"chuyên nghiệp, thân thiện. đẹp như mô tả. ",Tốt,0,2012968679,5,Trần Phương Trà
219,16713936,Tuyệt vời,,Tốt,0,2021203103,5,duoc nguyen quang
220,16703140,Tuyệt vời,đẹp như mô tả. ,Tốt,0,2037718372,5,Thu Anh
221,16703055,Tạm hài lòng,bảo gửi cho màu tối thế mà sop gửi toàn la mau sáng ,Bình thường,0,2038103032,3,MatCha bé
222,16695611,Tuyệt vời,đẹp như mô tả. chất lượng tuyệt vời. giá tốt. giao hàng nhanh bất ngờ. ,Tốt,0,2035846842,5,le thuan
223,16687139,Tuyệt vời,chất lượng tuyệt vời. hàng ok nha mọi người . đáng được ủng hộ,Tốt,0,2038248992,5,thiên ân
224,16652021,Tuyệt vời,giá tốt. sóp giao thiếu hàng ,Tốt,0,2019157702,5,vũ thị thuý hà
225,16631827,Tuyệt vời,đóng gói kỹ lưỡng. ,Tốt,0,2032711600,5, Trần thị thúy hưng
226,16621052,Tuyệt vời,"chuyên nghiệp, thân thiện. đẹp như mô tả. đóng gói kỹ lưỡng. chất lượng tuyệt vời. giá tốt. lần sau sẽ ủng hộ tiếp ",Tốt,0,2035600299,5,Nguyễn Thanh Tùng
227,16620638,Tuyệt vời,"chuyên nghiệp, thân thiện. giá tốt. giao hàng nhanh bất ngờ. ",Tốt,0,2034296580,5,Võ Thị Phương Thảo
228,16619165,Tuyệt vời,giá tốt. ,Tốt,0,2038342606,5,Ngọc
229,16618164,Tuyệt vời,"chuyên nghiệp, thân thiện. đẹp như mô tả. đóng gói kỹ lưỡng. chất lượng tuyệt vời. giá tốt. giao hàng nhanh bất ngờ. sản phẩm y hình , nhận hàng mình rất hài lòng , đủ số lượng ",Tốt,0,2038221334,5,Nguyễn Thị Hường
230,16610170,Tuyệt vời,"chuyên nghiệp, thân thiện. đẹp như mô tả. đóng gói kỹ lưỡng. chất lượng tuyệt vời. giá tốt. ",Tốt,0,2024494401,5,tạ tuyến
231,16377814,Tuyệt vời,"chuyên nghiệp, thân thiện. đẹp như mô tả. đóng gói kỹ lưỡng. chất lượng tuyệt vời. giá tốt. giao hàng nhanh bất ngờ. ",Tốt,0,2033525709,5,BùiNhàn  
232,16341498,Tuyệt vời,giá tốt. ,Tốt,0,2029166776,5,Trần Dũng Tiến
233,16313692,Tuyệt vời,"chuyên nghiệp, thân thiện. đẹp như mô tả. đóng gói kỹ lưỡng. chất lượng tuyệt vời. giá tốt. giao hàng nhanh bất ngờ. ",Tốt,0,2035571827,5,Đào Phương
234,16292959,Tuyệt vời,chất lượng tuyệt vời. ,Tốt,0,2035682685,5,Mai Nguyen
235,16194808,Hài lòng,,Tốt,0,2029792501,4,Diệu Nguyễn
236,16132159,Tuyệt vời,đẹp như mô tả. đóng gói kỹ lưỡng. giao hàng nhanh bất ngờ. ,Tốt,0,2037795814,5,Nguyễn Thị Hường
237,16091414,Tuyệt vời,"chuyên nghiệp, thân thiện. ",Tốt,0,2017437046,5, LÊ THỊ KIM CHI
238,16064412,Hài lòng,"hàng ổn, giá hợp lý. giao hàng quá chậm 10 ngày mới nhận được",Tốt,0,2025235313,4,Thùy Linh
239,16053161,Tuyệt vời,,Tốt,0,2034176885,5,khiêm hồng
240,16050109,Tuyệt vời,,Tốt,0,2013403780,5,HỨA VĂN THÀNH
241,16026591,Tuyệt vời,đẹp như mô tả. ,Tốt,0,2016903086,5,tran tuyet anh
242,16015513,Tạm hài lòng,"dặn shop 10 màu khác nhau mà giao 2 cái trùng màu, vải ở ngoài mỏng hơn so với hình. nhìn chung giá này ổn",Bình thường,0,2022831977,3,Lê Kim
243,16010447,Không hài lòng,"làm ăn rất vớ vẩn, không đủ size thì thôi hủy đơn đi cho khách chứ, đây chỉ bán lấy đk đặt size l mà về toàn xl, để mỗi 2 cái l ở ngoài để lừa khách còn ở giữa 8 cái xl... làm ăn không đàng hoàng lấy tiền của khách không thấy cắn rứt àh    ",Xấu,0,2024310951,1,Nguyên Nguyên
244,16009760,Chưa hài lòng,chất lượng cần tốt hơn. ,Xấu,0,2028524312,2,ngoc nguyen
245,16008241,Tuyệt vời,hàng ok lắm na,Tốt,0,2019727659,5,Nguyễn Nguyệt
246,16007605,Không hài lòng,chất lượng cần tốt hơn. ,Xấu,0,2025372754,1,Nguyễn Thị Cẩm Tiên
247,15992633,Tuyệt vời,,Tốt,0,2031744747,5,vy huỳnh thị thanh
248,15931896,Tuyệt vời,hàng đẹp đã nhận đủ giao đúng hẹn đúng như quang cáo sẽ ứng hộ sop ..,Tốt,0,2036920717,5,nguyên cao quyet
249,15930998,Tuyệt vời,"chuyên nghiệp, thân thiện. ",Tốt,0,2037547432,5,Nguyen Huyen
250,15930403,Tuyệt vời,giá tốt. ,Tốt,0,2020076030,5,hiền lê thị ngọc
251,15921679,Tuyệt vời,,Tốt,0,2023285362,5,Nguyenthi Tuyen
252,15921013,Tuyệt vời,đẹp như mô tả. ,Tốt,0,2018011841,5,Thái Văn quon quon
253,15897553,Tuyệt vời,"chuyên nghiệp, thân thiện. đẹp như mô tả. đóng gói kỹ lưỡng. chất lượng tuyệt vời. giá tốt. giao hàng nhanh bất ngờ. ",Tốt,0,2034153666,5,Diễm Châu
254,15867006,Tạm hài lòng,chưa mak da rách ,Bình thường,0,2031741816,3,Vanthuy Le
255,15859727,Tuyệt vời,đẹp như mô tả. đóng gói kỹ lưỡng. ,Tốt,0,2037440053,5,huong
256,15851805,Tuyệt vời,đẹp như mô tả. đóng gói kỹ lưỡng. chất lượng tuyệt vời. giá tốt. ,Tốt,0,2015678837,5,lê ruky
257,15847002,Tuyệt vời,đẹp như mô tả. ,Tốt,0,2029313101,5,tuấn Hưng
258,15843610,Tuyệt vời,chất lượng tuyệt vời. tuyệt,Tốt,0,2036845236,5,The gioi Dien thoai
259,15840355,Tuyệt vời,đẹp như mô tả. ,Tốt,0,2032555079,5, tungphinh
260,15839686,Tuyệt vời,đẹp như mô tả. ,Tốt,0,2036617454,5,Hanh Tran
261,15825814,Tuyệt vời,đẹp như mô tả. chất lượng tuyệt vời. ,Tốt,0,2035842449,5,duong thi quynh nhu
262,15824539,Tuyệt vời,đẹp như mô tả. ,Tốt,0,2036597802,5,hằng nguyễn
263,15821151,Tuyệt vời,"chuyên nghiệp, thân thiện. đóng gói kỹ lưỡng. chất lượng tuyệt vời. giá tốt. giao hàng nhanh bất ngờ. ",Tốt,0,2030971356,5,Nhung vũ
264,15814340,Tuyệt vời,đẹp như mô tả. ,Tốt,0,2036755156,5,nguyen thi yen.anh
265,15808440,Hài lòng,giá cả hợp lý . mỗi tội gui cho mk sz rộng quá k mac dc,Tốt,0,2028413339,4,nguyenha
266,15798606,Tạm hài lòng,giao hàng tạm ổn. ,Bình thường,0,2029981567,3,ly thân thị yến
267,15794194,Tuyệt vời,đẹp như mô tả. giá tốt. ,Tốt,0,2021864460,5,Ngọc lụa
268,15783754,Hài lòng,giá hợp lý. ,Tốt,0,2029368192,4,Lê mỹ phụng
269,15783040,Tuyệt vời,đẹp như mô tả. ,Tốt,0,2017821863,5,Tran My
270,15779296,Hài lòng,,Tốt,0,2033665943,4, Dinh ky vu
271,15778819,Tuyệt vời,giá tốt. ,Tốt,0,2037726859,5,Thắm Tây
272,15754762,Tuyệt vời,"chuyên nghiệp, thân thiện. đẹp như mô tả. đóng gói kỹ lưỡng. chất lượng tuyệt vời. giá tốt. ",Tốt,0,2037515350,5,hương trần
273,15733162,Tuyệt vời,đẹp như mô tả. ,Tốt,0,2036533579,5,Công Minh
274,15730776,Tuyệt vời,đẹp như mô tả. ,Tốt,0,2037558072,5,Nguyễn Ngọc Nhu
275,15700366,Tuyệt vời,đẹp như mô tả. giá tốt. giao hàng nhanh bất ngờ. ,Tốt,0,2037300330,5,Hue Nguyen
276,15620317,Tạm hài lòng,giao hàng tạm ổn. ,Bình thường,0,2025013996,3,nương lê Thị thùy
277,15587628,Tuyệt vời,"chuyên nghiệp, thân thiện. đẹp như mô tả. chất lượng tuyệt vời. giao hàng nhanh bất ngờ. ",Tốt,0,2027896355,5,trần Mỹ Ái
278,15560687,Hài lòng,đúng mô tả. ,Tốt,0,2024166231,4,xanh moon
279,15545162,Hài lòng,chất lượng tốt. đúng mô tả. ,Tốt,0,2029909143,4,Như quỳnh
280,15529494,Tuyệt vời,,Tốt,0,2037533743,5,bùi thị hiên
281,15512439,Tuyệt vời,đẹp như mô tả. đóng gói kỹ lưỡng. chất lượng tuyệt vời. giá tốt. ,Tốt,0,2031849450,5,Thùy Đỗ Thị Bích
282,15507789,Tuyệt vời,đẹp như mô tả. đóng gói kỹ lưỡng. giá tốt. ,Tốt,0,2037333067,5,Nguyễn thị kim phúc
283,15495741,Tuyệt vời,,Tốt,0,2017949978,5,Bich Dang
284,15491787,Tạm hài lòng,chất lượng ổn. đúng mô tả. giao hàng tạm ổn. ,Bình thường,0,2025076070,3,loan thanh
285,15487017,Tuyệt vời,đẹp như mô tả. giá tốt. quan đep,Tốt,0,2020269720,5,Bao Chau Bui
286,15478747,Tuyệt vời,đẹp như mô tả. chất lượng tuyệt vời. giá tốt. giao hàng nhanh bất ngờ. ,Tốt,0,2027844220,5,nguyễn hoa
287,15467323,Không hài lòng,,Xấu,0,2028421465,1,Hạnh Nguyễn Thị
288,15455865,Tuyệt vời,,Tốt,0,2036067539,5,Phạm Đức bằng
289,15443838,Tuyệt vời,đẹp như mô tả. ,Tốt,0,2021335763,5,Vo Quyen
290,15442104,Tuyệt vời,đẹp như mô tả. ,Tốt,0,2033849180,5,Vân
291,15439130,Tuyệt vời,,Tốt,0,2015687267,5,Hồ Duyên
292,15422572,Tuyệt vời,shop  giao thiếu  sao  vẫn  chưa  bù  cho  m,Tốt,0,2025986408,5,hương
293,15397258,Tuyệt vời,,Tốt,0,2024442338,5,thu sương
294,15359558,Tuyệt vời,"quần đẹp, co giãn tốt. các bạn nên mua size tầm 65kg shop giao đúng size. thanks shop ",Tốt,0,2014085941,5,Chị Ngọc
295,15310156,Tuyệt vời,đóng gói kỹ lưỡng. chất lượng tuyệt vời. giá tốt. giao hàng nhanh bất ngờ. ,Tốt,0,2022994207,5,thanh ngoc
296,15296632,Tuyệt vời,đóng gói kỹ lưỡng. giá tốt. ,Tốt,0,2036954712,5,daotham
297,15216973,Tuyệt vời,đẹp như mô tả. chất lượng tuyệt vời. ,Tốt,0,2024683132,5,Mai Thị Sen
298,15095926,Tuyệt vời,"đẹp như mô tả. chất lượng tuyệt vời. giá tốt. vải không nóng, nhẹ ",Tốt,0,2014460381,5,Trương Thị Tuyết Nhiên Nhiên
299,15025416,Tuyệt vời,,Tốt,0,2027790423,5,Lê  Nhạn
300,15020827,Tuyệt vời,"chuyên nghiệp, thân thiện. đẹp như mô tả. đóng gói kỹ lưỡng. chất lượng tuyệt vời. giá tốt. giao hàng nhanh bất ngờ. ",Tốt,0,2036323756,5,Nguyễn Thị Bích Diễm
301,15001106,Tuyệt vời,"chuyên nghiệp, thân thiện. đẹp như mô tả. đóng gói kỹ lưỡng. chất lượng tuyệt vời. giá tốt. ",Tốt,0,2036683051,5,Tư Nguyễn
302,14979488,Tuyệt vời,,Tốt,0,2027941380,5,nguyên thach ngọc
303,14975880,Tuyệt vời,"chuyên nghiệp, thân thiện. đẹp như mô tả. đóng gói kỹ lưỡng. chất lượng tuyệt vời. giá tốt. giao hàng nhanh bất ngờ. đã đặt xl nhưng vẫn hơi nhỏ ",Tốt,0,2022225721,5,LoanTrần
304,14956544,Tuyệt vời,đẹp như mô tả. đóng gói kỹ lưỡng. chất lượng tuyệt vời. ,Tốt,0,2036778605,5,nhung
305,14937701,Tuyệt vời,đẹp như mô tả. ,Tốt,0,2026694810,5,Bình Bùi Thị
306,14921379,Tuyệt vời,"chuyên nghiệp, thân thiện. đẹp như mô tả. đóng gói kỹ lưỡng. chất lượng tuyệt vời. giá tốt. giao hàng nhanh bất ngờ. nói trung là tốt",Tốt,0,2020270923,5,Dương Lâm Thị Thùy
307,14915232,Chưa hài lòng,"lấy combo thì lựa tất cả màu cho người ta chứ, combo 10 cái mà 3 cái đen 3 cái xanh,2 cái trắng vậy cũng gọi combo hả. toàn lựa mấy màu gì đâu không à",Xấu,0,2024824317,2,TRẦN THỊ THÙY DUNG
308,14907144,Tạm hài lòng,,Bình thường,0,2037008358,3,bình bình
309,14901178,Tuyệt vời,đẹp như mô tả. chất lượng tuyệt vời. ,Tốt,0,2019460511,5,nhungvo
310,14900172,Tuyệt vời,đóng gói kỹ lưỡng. chất lượng tuyệt vời. giá tốt. giao hàng nhanh bất ngờ. ,Tốt,0,2020772696,5,Khê Nguyễn Kim
311,14897168,Không hài lòng,chất lượng cần tốt hơn. ,Xấu,0,2037044592,1,đinh thi thu hăng
312,14874387,Tuyệt vời,đẹp như mô tả. giá tốt. ,Tốt,0,2017951473,5,truong thi hong yen
313,14873534,Tuyệt vời,,Tốt,0,2014553573,5,Huỳnh Thị kim loan
314,14836042,Tuyệt vời,đẹp như mô tả. đóng gói kỹ lưỡng. giá tốt. ,Tốt,0,2032270302,5,phi thi hong nhung
315,14818993,Tuyệt vời,"chuyên nghiệp, thân thiện. đẹp như mô tả. đóng gói kỹ lưỡng. chất lượng tuyệt vời. giá tốt. giao hàng nhanh bất ngờ. ",Tốt,0,2036704607,5,Tramanh
316,14816224,Tuyệt vời,"chuyên nghiệp, thân thiện. đẹp như mô tả. đóng gói kỹ lưỡng. chất lượng tuyệt vời. giá tốt. giao hàng nhanh bất ngờ. ",Tốt,0,2024695539,5,Thu Nguyễn
317,14812031,Tuyệt vời,thung quần mỏng quá shop,Tốt,0,2030160546,5,hoàng hạnh
318,14809634,Tuyệt vời,đẹp như mô tả. ,Tốt,0,2020588983,5,Phạm Thương
319,14808948,Tạm hài lòng,chất mỏng quá ,Bình thường,0,2037061236,3,Nguyễn Thị Nguyệt
320,14806064,Tuyệt vời,,Tốt,0,2030352050,5,Mai Chi
321,14798628,Tuyệt vời,đẹp như mô tả. ,Tốt,0,2035878234,5,thao quang
322,14797750,Tuyệt vời,đẹp như mô tả. đóng gói kỹ lưỡng. giá tốt. giao hàng nhanh bất ngờ. ,Tốt,0,2026879118,5,Ngân Nhi
323,14794877,Tuyệt vời,đẹp như mô tả. đóng gói kỹ lưỡng. chất lượng tuyệt vời. giá tốt. ,Tốt,0,2021225399,5,Linh Phạm Duy
324,14789475,Tạm hài lòng,,Bình thường,0,2036812376,3,Huynh Anh
325,14787748,Tuyệt vời,đẹp như mô tả. đóng gói kỹ lưỡng. giá tốt. giao hàng nhanh bất ngờ. ,Tốt,0,2036868391,5,Nguyễn Thị Hoài Phương
326,14783552,Tuyệt vời,đẹp như mô tả. ,Tốt,0,2036329249,5,Ánh tuyết
327,14769195,Tuyệt vời,"chuyên nghiệp, thân thiện. ",Tốt,0,2036937401,5,nguyễn văn tính
328,14768033,Tuyệt vời,"chuyên nghiệp, thân thiện. ",Tốt,0,2014641635,5,Tin Yên
329,14757172,Tuyệt vời,"chuyên nghiệp, thân thiện. giá tốt. giao hàng nhanh bất ngờ. ",Tốt,0,2037017600,5,nguyen thi huong
330,14752331,Hài lòng,,Tốt,0,2036630519,4,linh nguyen
331,14749264,Tuyệt vời,"chuyên nghiệp, thân thiện. đẹp như mô tả. chất lượng tuyệt vời. giá tốt. ",Tốt,0,2035592417,5,Yen Phan
332,14748710,Hài lòng,chất lượng tốt. ,Tốt,0,2027323402,4,vuthimien
333,14743522,Tuyệt vời,chất lượng tuyệt vời. ,Tốt,0,2031424392,5,nguyễn thị huyền
334,14738895,Tuyệt vời,,Tốt,0,2027710842,5,Oc Tieu
335,14734244,Tuyệt vời,đẹp như mô tả. giá tốt. ,Tốt,0,2032808723,5,Ngô Duyên
336,14720133,Tuyệt vời,,Tốt,0,2025914921,5,nguyet
337,14706024,Tuyệt vời,rất tốt,Tốt,0,2034566632,5,Miễn Tình Rạp Cưới
338,14701233,Tuyệt vời,"chuyên nghiệp, thân thiện. đẹp như mô tả. đóng gói kỹ lưỡng. chất lượng tuyệt vời. giá tốt. giao hàng nhanh bất ngờ. ",Tốt,0,2036935675,5,Tú Nhi
339,14701209,Hài lòng,đúng mô tả. ,Tốt,0,2031652814,4,Lê Thị Diễm Hương
340,14683310,Tuyệt vời,đẹp như mô tả. giá tốt. ,Tốt,0,2013739092,5,Sanny On
341,14679455,Tuyệt vời,giá tốt. ,Tốt,0,2036881231,5,đoàn ngọc anh đào
342,14672756,Tuyệt vời,,Tốt,0,2023296850,5,diep huynh tieu
343,14661141,Tuyệt vời,,Tốt,0,2034131861,5,bảy đỗ thị
344,14658952,Tuyệt vời,quần ok.minh zse ủng hộ,Tốt,0,2035603138,5,Duyên Huỳnh
345,14658463,Tuyệt vời,đẹp như mô tả. hàng y hình,Tốt,0,2013662955,5,Lê Hồ Kiều Tiên
346,14620408,Tuyệt vời,đẹp như mô tả. đóng gói kỹ lưỡng. chất lượng tuyệt vời. giá tốt. giao hàng nhanh bất ngờ. ,Tốt,0,2021529512,5,Văn Thị Thanh Hoài
347,14609076,Tuyệt vời,đẹp như mô tả. chất lượng tuyệt vời. ,Tốt,0,2013698430,5,tạ thị kim cương cương
348,14597117,Hài lòng,đúng mô tả. ,Tốt,0,2024051202,4,Nguyễn Kim Yên
349,14566474,Tuyệt vời,chất lượng tuyệt vời. giá tốt. ,Tốt,0,394887,5,Lam Nguyễn
350,14557504,Tạm hài lòng,giao hàng tạm ổn. ,Bình thường,0,2032703861,3,Hồ Thị Thơ
351,14545929,Tạm hài lòng,chất lượng ổn. ,Bình thường,0,2024220266,3,Lê thị hồng thanh
352,14543083,Tuyệt vời,,Tốt,0,603844,5,Baymau Vienkeo
353,14542157,Tuyệt vời,"chuyên nghiệp, thân thiện. ",Tốt,0,2032965933,5,my my
354,14541385,Tuyệt vời,gửi sản phẩm/vé dịch vụ nhanh. ,Tốt,0,2036758387,5,Tran Hong
355,14529733,Tuyệt vời,,Tốt,0,2017257228,5,ngân nguyễn
