﻿,id,title,comment,default_sentiment,like_count,customer_id,rating_star,customer_name
0,19270586,Tuyệt vời,,Tốt,0,2040345422,5,Anh Hòa
1,19190684,Hài lòng,,Tốt,0,2037280785,4,Lê Đông
2,19155083,Tuyệt vời,,Tốt,0,2029318210,5,gia nghj
3,19139295,Không hài lòng,,Xấu,0,2038613877,1,Hoàng Sơn
4,19128851,Tuyệt vời,đẹp như mô tả. ,Tốt,0,2016768564,5,Nguyễn Viết Túy
5,19116918,Tuyệt vời,,Tốt,0,2025292317,5,trương út mười
6,19107287,Tuyệt vời,,Tốt,0,2033070717,5,Lữ Hoàng Hiệp
7,19105072,Tuyệt vời,giá tốt. ,Tốt,0,2034709386,5,bùi thị đông
8,19075924,Tuyệt vời,đẹp như mô tả. giá tốt. chất lượng tuyệt vời. ,Tốt,0,2016243532,5,Hồ Công Thuận
9,18858727,Hài lòng,,Tốt,0,2013798668,4,Nguyễn Trung Phan
10,18646229,Không hài lòng,vì ko có đầu dây kéo ,Xấu,0,2026207148,1,cường lý thanh
11,18640014,Tuyệt vời,,Tốt,0,2018850371,5,Jony Thanh Ha
12,18570345,Tuyệt vời,,Tốt,0,2040924676,5,0*** 
13,18527353,Tuyệt vời,,Tốt,0,2026939252,5,Đánh giá ẩn danh
14,18419377,Hài lòng,đúng mô tả. ,Tốt,0,2014279852,4, nguyenngocthao
15,18387491,Tuyệt vời,"chuyên nghiệp, thân thiện. đẹp như mô tả. đóng gói kỹ lưỡng. chất lượng tuyệt vời. giá tốt. giao hàng nhanh bất ngờ. ",Tốt,0,2036930196,5,Thu Thảo Nguyễn Thị
16,18310672,Tuyệt vời,"chuyên nghiệp, thân thiện. đẹp như mô tả. đóng gói kỹ lưỡng. chất lượng tuyệt vời. giá tốt. giao hàng nhanh bất ngờ. ",Tốt,0,2029482964,5,Trần Thị Hà
17,18302207,Hài lòng,chất lượng tốt. đóng gói kỹ. đúng mô tả. giá hợp lý. ,Tốt,0,2020058447,4,LONG CAM QUANG
18,18292299,Tuyệt vời,đẹp như mô tả. giá tốt. ,Tốt,0,2037974334,5,trần tuyết hằng
19,18289890,Tuyệt vời,"chuyên nghiệp, thân thiện. đẹp như mô tả. đóng gói kỹ lưỡng. chất lượng tuyệt vời. giá tốt. giao hàng nhanh bất ngờ. ",Tốt,0,2029482964,5,Trần Thị Hà
20,18092228,Tuyệt vời,"hàng đẹp, mua đáng đồng tiền",Tốt,0,2037009390,5,nguyễn thị minh
21,17467621,Tuyệt vời,"chuyên nghiệp, thân thiện. đẹp như mô tả. đóng gói kỹ lưỡng. chất lượng tuyệt vời. giá tốt. giao hàng nhanh bất ngờ. ",Tốt,0,2021843607,5,pham mo
22,17459251,Tuyệt vời,đẹp như mô tả. giao hàng nhanh bất ngờ. ,Tốt,0,2024331576,5,Hoang Vu
23,17409830,Tuyệt vời,"chuyên nghiệp, thân thiện. đẹp như mô tả. đóng gói kỹ lưỡng. giao hàng nhanh bất ngờ. ",Tốt,0,2024915083,5,nguyenthanhkhai
24,17385792,Tuyệt vời,"chuyên nghiệp, thân thiện. đẹp như mô tả. đóng gói kỹ lưỡng. chất lượng tuyệt vời. giá tốt. giao hàng nhanh bất ngờ. ",Tốt,0,2036399868,5,Viết Lộc
25,17344173,Tuyệt vời,"đẹp như mô tả. đóng gói kỹ lưỡng. shop nhiệt tình, hàng ok , rất đáng mua",Tốt,0,2019963475,5,Dương Thị Tuyết Hồng
26,17339955,Tuyệt vời,"chuyên nghiệp, thân thiện. ",Tốt,0,446826,5,nguyen thi thao
27,17217373,Tuyệt vời,"chuyên nghiệp, thân thiện. đẹp như mô tả. đóng gói kỹ lưỡng. chất lượng tuyệt vời. giá tốt. ",Tốt,0,2029015847,5,Trần Quốc Huy
28,17174440,Tuyệt vời,"chuyên nghiệp, thân thiện. đẹp như mô tả. đóng gói kỹ lưỡng. giá tốt. giao hàng nhanh bất ngờ. ",Tốt,0,2029015847,5,Trần Quốc Huy
29,17155298,Tuyệt vời,đẹp như mô tả. đóng gói kỹ lưỡng. giá tốt. giao hàng nhanh bất ngờ. ,Tốt,0,2026905050,5,Trúc Nguyễn
30,17146325,Tuyệt vời,"chuyên nghiệp, thân thiện. đẹp như mô tả. đóng gói kỹ lưỡng. chất lượng tuyệt vời. giá tốt. giao hàng nhanh bất ngờ. ",Tốt,0,2029142860,5,Bùi Tấn Đạt
31,17084040,Tuyệt vời,,Tốt,0,2038469770,5,trandūng
32,17072652,Tuyệt vời,"chuyên nghiệp, thân thiện. đẹp như mô tả. đóng gói kỹ lưỡng. chất lượng tuyệt vời. giá tốt. giao hàng nhanh bất ngờ. ",Tốt,0,2029142860,5,Bùi Tấn Đạt
33,17058306,Tuyệt vời,,Tốt,0,2024493278,5,chi phuc
34,17057028,Tuyệt vời,,Tốt,0,2027014188,5,nga nguyen thi
35,16951652,Tuyệt vời,,Tốt,0,2031418967,5,Anh chơi là phải vui
36,16880720,Tuyệt vời,,Tốt,0,2031667279,5,Như Huỳnh
37,16851734,Tuyệt vời,đẹp như mô tả. đóng gói kỹ lưỡng. giá tốt. ,Tốt,0,2018942436,5,Phan Thái
38,16823298,Tuyệt vời,,Tốt,0,2032656966,5,Yen Nguyen
39,16819073,Tuyệt vời,giao hàng nhanh bất ngờ. ,Tốt,0,2037786430,5,Phương Nam
40,16767136,Chưa hài lòng,,Xấu,0,2014529574,2,Tran lieu
41,16741339,Tạm hài lòng,chất lượng ổn. giao hàng tạm ổn. ,Bình thường,0,2024747808,3,Chập Lập
42,16720828,Tuyệt vời,"chuyên nghiệp, thân thiện. đẹp như mô tả. đóng gói kỹ lưỡng. giá tốt. giao hàng nhanh bất ngờ. ",Tốt,0,2034967536,5,Nguyễn Thu Năm
43,16709040,Tuyệt vời,,Tốt,0,2013223658,5,hoacamchuo
44,16694531,Tuyệt vời,tuyệt vời,Tốt,1,2028794077,5,Hoàng Nguyễn Thị
45,16675170,Hài lòng,,Tốt,0,2028011417,4,thi vi hông
46,16657724,Tuyệt vời,,Tốt,0,2037806548,5,Vu Thi Kim Dung
47,16648664,Hài lòng,giá hợp lý. ,Tốt,0,2031687605,4,vinh trần quang
48,16648421,Hài lòng,đóng gói kỹ. đúng mô tả. giao hàng nhanh. ,Tốt,0,2020621199,4,thuy trang
49,16642053,Tuyệt vời,đẹp như mô tả. giá tốt. ,Tốt,0,2037886750,5,Thuý Nguyễn
50,16632252,Tuyệt vời,giá tốt. ,Tốt,0,2032898000,5,Thao Song
51,16620086,Tuyệt vời,đẹp như mô tả. đóng gói kỹ lưỡng. ,Tốt,0,2033065113,5,Ngọc Hà
52,16606382,Tuyệt vời,đẹp như mô tả. đóng gói kỹ lưỡng. chất lượng tuyệt vời. giá tốt. ,Tốt,0,2027991909,5,cẩm nhung
53,16605845,Tuyệt vời,"chuyên nghiệp, thân thiện. đẹp như mô tả. chất lượng tuyệt vời. giá tốt. giao hàng nhanh bất ngờ. ",Tốt,0,2016996135,5,kieu thuy
54,16590045,Tuyệt vời,"chuyên nghiệp, thân thiện. giá tốt. giao hàng nhanh bất ngờ. ",Tốt,0,2032836742,5,Vi Quỳnh Trang
55,16587138,Chưa hài lòng,,Xấu,0,2036026993,2,letuananh
56,16585133,Tuyệt vời,đóng gói kỹ lưỡng. giá tốt. giao hàng nhanh bất ngờ. ,Tốt,1,2027389474,5,tiến Nguyen thi
57,16585132,Tuyệt vời,đóng gói kỹ lưỡng. giá tốt. ,Tốt,0,2027389474,5,tiến Nguyen thi
58,16584522,Tuyệt vời,,Tốt,0,2021098706,5,Mai Oanh
59,16552128,Chưa hài lòng,hàng may gia công đường chỉ sơ sài.giao hàng chậm,Xấu,0,2018224381,2,Đinh Văn Mừng
60,16529149,Tuyệt vời,k giao đúng màu,Tốt,0,2033131191,5,Hien Vu
61,16522455,Tuyệt vời,đóng gói kỹ lưỡng. giá tốt. ,Tốt,0,2030756014,5,Nguyen Ngoc Anh
62,16509254,Tuyệt vời,"chuyên nghiệp, thân thiện. đẹp như mô tả. đóng gói kỹ lưỡng. chất lượng tuyệt vời. giá tốt. giao hàng nhanh bất ngờ. rất tuyệt shop ạ",Tốt,0,2036766754,5,Quách Quý
63,16507201,Tuyệt vời,đóng gói kỹ lưỡng. chất lượng tuyệt vời. giá tốt. giao hàng nhanh bất ngờ. shippơ vui tính nhiệt tình,Tốt,0,2035813432,5,vũ đức thạo
64,16506857,Tuyệt vời,,Tốt,0,2021531547,5,Tuyết Phan
65,16499302,Tuyệt vời,,Tốt,0,2015929794,5,tràn hoang xuân truc
66,16488078,Hài lòng,,Tốt,0,2028346317,4,Nguyễn Thị Ngọc Quý
67,16487751,Tuyệt vời,giá tốt. ,Tốt,0,2036764103,5,Sulli Phan
68,16484112,Hài lòng,,Tốt,0,2036831077,4,Nguyễn thi nhung
69,16477348,Tuyệt vời,,Tốt,0,2018517572,5,Tài Phạm
70,16476153,Tuyệt vời,,Tốt,0,2014125797,5,lien he
71,16468055,Tuyệt vời,đẹp như mô tả. ,Tốt,0,2038127290,5,dong ngoc
72,16463922,Tuyệt vời,"chuyên nghiệp, thân thiện. đẹp như mô tả. đóng gói kỹ lưỡng. chất lượng tuyệt vời. giá tốt. giao hàng nhanh bất ngờ. hàng rẻ và đejp . giao hàng nhanh a ship quen nhà luôn r hihi ",Tốt,1,2035917395,5,Thiên Thảo
73,16462112,Tuyệt vời,giá tốt. ,Tốt,0,2035074969,5,Nguyễn Thị Nga
74,16456787,Tuyệt vời,"chuyên nghiệp, thân thiện. đẹp như mô tả. đóng gói kỹ lưỡng. giá tốt. ",Tốt,0,2034967536,5,Nguyễn Thu Năm
75,16453644,Tuyệt vời,"chuyên nghiệp, thân thiện. đẹp như mô tả. giá tốt. ",Tốt,0,2032404746,5, Thu Trang
76,16444149,Tuyệt vời,"chuyên nghiệp, thân thiện. đẹp như mô tả. đóng gói kỹ lưỡng. chất lượng tuyệt vời. giá tốt. hàng ok. có đều giao hàng lâu và cái khoá kéo bị cái j mà kéo k dc  ",Tốt,0,2016954444,5,Nguyễn Khánh
77,16440319,Tuyệt vời,,Tốt,0,2029122316,5,Quyên Quyên
78,16439520,Tuyệt vời,"chuyên nghiệp, thân thiện. đẹp như mô tả. đóng gói kỹ lưỡng. giá tốt. giao hàng nhanh bất ngờ. ",Tốt,0,2018517572,5,Tài Phạm
79,16438434,Tuyệt vời,,Tốt,0,2033028751,5,dong lai tien
80,16430862,Tuyệt vời,đẹp như mô tả. ,Tốt,0,2013172863,5,Lê Trần Phú Cường
81,16424676,Hài lòng,đúng mô tả. ,Tốt,0,2025130520,4,Hoang Vantam
82,16400188,Hài lòng,,Tốt,0,2022397124,4,quỳnh nguyễn thị trúc
83,16393162,Tuyệt vời,đẹp như mô tả. đóng gói kỹ lưỡng. chất lượng tuyệt vời. giá tốt. ,Tốt,0,2038088683,5,Nguyễn Quốc Khánh
84,16392346,Tuyệt vời,"đẹp như mô tả. đóng gói kỹ lưỡng. giá tốt. đẹp, nhưng cửa màn hơi khó kéo, bất tiện vào ra , nhà thiết kế sản xuất nên thay đổi",Tốt,0,2016621458,5,LÝ BẮC
85,16389461,Tuyệt vời,đẹp như mô tả. ,Tốt,0,2026610549,5,Nguyễn Hoàng
86,16375156,Không hài lòng,cái viền xanh bị bẩn và rách như đã sử dụng rồi .,Xấu,0,2036357085,1,minh phương bg
87,16372904,Tuyệt vời,"chuyên nghiệp, thân thiện. đẹp như mô tả. đóng gói kỹ lưỡng. giá tốt. ",Tốt,0,2036990767,5,Ngọc xinh
88,16372728,Tuyệt vời,"chuyên nghiệp, thân thiện. chất lượng tuyệt vời. giá tốt. ",Tốt,0,2021248718,5,lễ thị kim Anh
89,16366410,Tuyệt vời,,Tốt,0,2018391347,5,Nguyen Ngoc Riec
90,16366094,Hài lòng,đóng gói kỹ. ,Tốt,0,2024728759,4,Thanh Phạm
91,16360804,Hài lòng,chất lượng tốt. đúng mô tả. giá hợp lý. giao hàng nhanh. ,Tốt,0,2032686561,4,vũ thị châu hưng
92,16359338,Tuyệt vời,đẹp như mô tả. chất lượng tuyệt vời. giá tốt. ,Tốt,0,2021792189,5,Vũ Phương Thảo
93,16352521,Tuyệt vời,"chuyên nghiệp, thân thiện. đẹp như mô tả. đóng gói kỹ lưỡng. chất lượng tuyệt vời. giá tốt. giao hàng nhanh bất ngờ. ",Tốt,0,2025384790,5,tuyết nhung
94,16336626,Tuyệt vời,đẹp như mô tả. đóng gói kỹ lưỡng. chất lượng tuyệt vời. giá tốt. giao hàng nhanh bất ngờ. ,Tốt,0,2019130602,5,Nguyễn Ngọc Nguyệt
95,16334134,Tuyệt vời,"chuyên nghiệp, thân thiện. đẹp như mô tả. đóng gói kỹ lưỡng. chất lượng tuyệt vời. giá tốt. giao hàng nhanh bất ngờ. hàng đẹp như hình, giá rất ok. sẽ ủng hộ shop dài dài",Tốt,1,2036875399,5,Nguyễn Thị Tuyết Sương
96,16331287,Tuyệt vời,chất lượng tuyệt vời. giá tốt. ,Tốt,0,2038044006,5,Lê Trang Hinh
97,16311120,Tuyệt vời,đẹp như mô tả. chất lượng tuyệt vời. giá tốt. ,Tốt,1,2015785596,5,huệ thi thu
98,16284474,Tuyệt vời,,Tốt,0,2014335669,5,Mùa Nguyễn
99,16109590,Tuyệt vời,,Tốt,0,2022998096,5,Hiên Đào
100,16085502,Tuyệt vời,"chuyên nghiệp, thân thiện. giá tốt. giao hàng nhanh bất ngờ. hàng đẹp lên mua nha cả nhà ",Tốt,0,2021480891,5,Trần Mai
101,16050338,Tuyệt vời,,Tốt,0,2036650186,5,mai mai rùa
102,16020679,Tuyệt vời,"chuyên nghiệp, thân thiện. đẹp như mô tả. đóng gói kỹ lưỡng. chất lượng tuyệt vời. giá tốt. giao hàng nhanh bất ngờ. ",Tốt,0,2035185972,5,yeutunli
103,16016413,Tuyệt vời,đẹp như mô tả. giá tốt. ,Tốt,0,2024050269,5,Nguyen Hoa
104,16008414,Tuyệt vời,đóng gói kỹ lưỡng. giá tốt. ,Tốt,0,2034351946,5,Huynh Phung
105,15990274,Tuyệt vời,"chuyên nghiệp, thân thiện. đẹp như mô tả. đóng gói kỹ lưỡng. chất lượng tuyệt vời. giá tốt. giao hàng nhanh bất ngờ. ",Tốt,1,2019522250,5,chau nguyen ngoc
106,15964904,Hài lòng,giá hợp lý. ,Tốt,0,2037245889,4,Nguyễn thị Ngọc Phương
107,15953492,Tuyệt vời,giá tốt. ,Tốt,0,2019901907,5,Miennguyen
108,15909313,Tuyệt vời,"chuyên nghiệp, thân thiện. đóng gói kỹ lưỡng. chất lượng tuyệt vời. đẹp như mô tả. giá tốt. giao hàng nhanh bất ngờ. ",Tốt,0,2027249087,5,Le Xuan
109,15896552,Tuyệt vời,,Tốt,0,2023049044,5,hiến lưu hà
110,15893366,Tuyệt vời,,Tốt,0,2033007440,5,Bảo Trân
111,15866421,Tạm hài lòng,đúng mô tả. đóng gói kỹ. đẹp lắm  ,Bình thường,0,2028424602,3,Quyên Nhi
112,15852778,Tuyệt vời,"chuyên nghiệp, thân thiện. ",Tốt,0,2037111258,5,nết nguyễn
113,15846772,Tuyệt vời,đẹp như mô tả. ,Tốt,0,2026012595,5,Nguyên Thắm
114,15840932,Tuyệt vời,"chuyên nghiệp, thân thiện. đẹp như mô tả. đóng gói kỹ lưỡng. chất lượng tuyệt vời. giá tốt. giao hàng nhanh bất ngờ. ",Tốt,0,2026788821,5,Ngọc Nguyễn
115,15836919,Tuyệt vời,"chuyên nghiệp, thân thiện. đẹp như mô tả. chất lượng tuyệt vời. ",Tốt,0,2029036921,5,Le Hong
116,15827488,Tuyệt vời,"chuyên nghiệp, thân thiện. đẹp như mô tả. đóng gói kỹ lưỡng. chất lượng tuyệt vời. giá tốt. giao hàng nhanh bất ngờ. ",Tốt,0,2036968629,5,nguyễn Thu Huyền
117,15778906,Tạm hài lòng,,Bình thường,0,2032171340,3,cao thị minh Thuý
118,15749903,Tuyệt vời,,Tốt,0,2034798200,5, trinh Minh ly
119,15725970,Tuyệt vời,sp chất lượng,Tốt,0,2037658509,5,Sáng Trần
120,15724427,Hài lòng,giao hàng nhanh. ,Tốt,0,2023498699,4,Nguyen Hoang
121,15716003,Tuyệt vời,đẹp như mô tả. ,Tốt,0,2017587651,5,Thái Trà
122,15708474,Tuyệt vời,chất lượng tuyệt vời. ,Tốt,0,2019447437,5,Nhím Thủy
123,15703478,Tuyệt vời,chất lượng tuyệt vời. ,Tốt,0,2014411843,5,Nguyễn Quang Võ
124,15682692,Tuyệt vời,đẹp như mô tả. hhy,Tốt,1,2037658515,5,trần thị nhàn
125,15660696,Tạm hài lòng,,Bình thường,0,2037365825,3,Trần Thị Loan
126,15638645,Hài lòng,chuyên nghiệp. giá hợp lý. giao hàng nhanh. ,Tốt,0,2023847960,4,Hương Vũ Thị
127,15619769,Tuyệt vời,đóng gói kỹ lưỡng. chất lượng tuyệt vời. giá tốt. ,Tốt,0,2033388175,5,nguyễn ngoc mai
128,15604072,Tuyệt vời,chất lượng tuyệt vời. giá tốt. ,Tốt,0,2019925633,5,Đoàn Thanh Hải
129,15603143,Tuyệt vời,giá tốt. ,Tốt,0,2019565999,5,Đào Lê
130,15520095,Tuyệt vời,đẹp như mô tả. ,Tốt,0,2018508847,5,Trần Thị Thanh Trúc
131,15499367,Tuyệt vời,đẹp như mô tả. ,Tốt,0,2026837070,5,Hieu Ho
132,15497736,Tuyệt vời,,Tốt,0,2016147019,5,Tâm Nguyễn Văn
133,15452532,Chưa hài lòng,sản phẩm ok.cảm ơn shop,Xấu,0,2037310713,2,vothithuhuong
134,15446537,Tuyệt vời,đẹp như mô tả. ,Tốt,0,2037430094,5,BoOm Gấu Nhồi
135,15444616,Tuyệt vời,,Tốt,0,2029269882,5,nguyen thi phuong thuy
136,15443149,Tuyệt vời,"chuyên nghiệp, thân thiện. giao hàng nhanh bất ngờ. ",Tốt,0,2035349645,5,Kiều Tiên Nguyễn
137,15430099,Tuyệt vời,đẹp như mô tả. ,Tốt,0,2037295848,5,trịnh trị trang
138,15413610,Tuyệt vời,"chuyên nghiệp, thân thiện. đẹp như mô tả. đóng gói kỹ lưỡng. chất lượng tuyệt vời. giá tốt. giao hàng nhanh bất ngờ. ",Tốt,0,2027301492,5,Nguyễn thị ngọc thanh Thanh
139,15409666,Tuyệt vời,đóng gói kỹ lưỡng. ,Tốt,0,2018986905,5,Chung Lão
140,15378667,Tuyệt vời,"chuyên nghiệp, thân thiện. ",Tốt,0,2027504570,5,Lê hữu Liêm
141,15363511,Tuyệt vời,"giá tốt. chất lượng tuyệt vời. đẹp như mô tả. chuyên nghiệp, thân thiện. đóng gói kỹ lưỡng. ",Tốt,0,2013442260,5,Pham Cong Thanh
142,15341418,Chưa hài lòng,sản phẩm mới hay củ mà bị dính bùn dơ,Xấu,0,2019864873,2,lê công thức
143,15332226,Tuyệt vời,"chuyên nghiệp, thân thiện. đóng gói kỹ lưỡng. giá tốt. ",Tốt,0,2036574172,5,Phúc Thiên Trịnh
144,15326428,Tuyệt vời,đẹp như mô tả. ,Tốt,0,2021721887,5,Long Tran
145,15306780,Tuyệt vời,,Tốt,0,2035223461,5,Hoa Comay
146,15287062,Tuyệt vời,đóng gói kỹ lưỡng. ,Tốt,0,2024353651,5,thuy
147,15275465,Hài lòng,chất lượng tốt. ,Tốt,0,2017389802,4, Tran Quoc Tuan
148,15268031,Tuyệt vời,"giao hàng nhanh bất ngờ. giá tốt. chất lượng tuyệt vời. đóng gói kỹ lưỡng. đẹp như mô tả. chuyên nghiệp, thân thiện. ",Tốt,0,2013317683,5,Thanh Phu
149,15268003,Tuyệt vời,giá tốt. ,Tốt,0,268069,5,nhi tran thi thu
150,15260774,Tuyệt vời,giá tốt. ,Tốt,0,2036733390,5,Huyền Trân
151,15240617,Tuyệt vời,,Tốt,0,2014112230,5,Nguyễn Hoàng Nam
152,15235277,Tuyệt vời,đẹp như mô tả. ,Tốt,0,2036967813,5,Nguyễn Anh
153,15229828,Tuyệt vời,"chuyên nghiệp, thân thiện. đẹp như mô tả. đóng gói kỹ lưỡng. chất lượng tuyệt vời. giá tốt. giao hàng nhanh bất ngờ. ",Tốt,1,2035580369,5,Nguyễn Thị Thúy Anh
154,15226361,Tuyệt vời,"chuyên nghiệp, thân thiện. đẹp như mô tả. đóng gói kỹ lưỡng. chất lượng tuyệt vời. giá tốt. ",Tốt,0,2026939252,5,Phương Phan Thị
155,15220232,Tuyệt vời,,Tốt,0,2034057380,5,Vân Hồ Thị
156,15217397,Tuyệt vời,đẹp như mô tả. ,Tốt,0,2037236314,5,mỹ hạnh
157,15211059,Không hài lòng,chất lượng cần tốt hơn. ,Xấu,0,2016110705,1,truong cong danh
158,15210619,Tuyệt vời,đẹp như mô tả. giá tốt. ,Tốt,0,2027763949,5,Le ha thi
159,15207958,Tuyệt vời,"chuyên nghiệp, thân thiện. đẹp như mô tả. đóng gói kỹ lưỡng. chất lượng tuyệt vời. giá tốt. ",Tốt,0,2035091856,5,Quang AFK
160,15203181,Tuyệt vời,giá tốt. ,Tốt,0,2037238749,5,HaAnh
161,15197188,Tuyệt vời,,Tốt,0,2026566575,5,nam hong
162,15191186,Tuyệt vời,"đẹp như mô tả. đóng gói kỹ lưỡng. chất lượng tuyệt vời. giá tốt. giao hàng hơi chậm, hàng chất lượng tốt, đúng mô tả, giá rẻ, rất đáng mua. ",Tốt,1,2014583938,5,Tuantai Vo
163,15185404,Tuyệt vời,đẹp như mô tả. đóng gói kỹ lưỡng. chất lượng tuyệt vời. giá tốt. ,Tốt,0,2034994728,5,Sang Thi
164,15182108,Tuyệt vời,"chuyên nghiệp, thân thiện. đẹp như mô tả. đóng gói kỹ lưỡng. chất lượng tuyệt vời. giá tốt. thái độ phục vụ rất tốt. sản phẩm đúng theo yêu cầu.",Tốt,1,2036056426,5,HC
165,15180885,Tuyệt vời,đẹp như mô tả. giá tốt. ,Tốt,0,2037296151,5,Nguyen Quang nguyen
166,15174622,Tuyệt vời,đẹp như mô tả. đóng gói kỹ lưỡng. chất lượng tuyệt vời. giá tốt. sp tốt,Tốt,1,2013460002,5,Le Thuy
167,15173399,Tuyệt vời,đẹp như mô tả. chất lượng tuyệt vời. giá tốt. ,Tốt,0,2019857957,5,Thạch Thị Si Ny
168,15171918,Tuyệt vời,đẹp như mô tả. giá tốt. giao hàng nhanh bất ngờ. ,Tốt,0,2014384354,5,Đinh Xuân  Trường
169,15170945,Tuyệt vời,,Tốt,0,2022606102,5,cẩm xuyên
170,15168238,Tuyệt vời,"chuyên nghiệp, thân thiện. đẹp như mô tả. chất lượng tuyệt vời. giá tốt. ủng hộ shop lần tiếp cảm ơn mùng tự bung giống y hình",Tốt,1,2036520134,5,Nguyễn Nhã Vân
171,15154595,Hài lòng,,Tốt,0,2036959271,4,vu duc minh
172,15151703,Tuyệt vời,shop nên có link video hướng dẫn cách gấp mùng sau khi đã bung ra thì sẽ tuyệt hơn,Tốt,0,2024331332,5,Tran Hoang
173,15150988,Tuyệt vời,"chuyên nghiệp, thân thiện. đẹp như mô tả. đóng gói kỹ lưỡng. chất lượng tuyệt vời. giá tốt. giao hàng nhanh bất ngờ. ",Tốt,0,2035572766,5,Dang Bang
174,15149493,Tuyệt vời,,Tốt,0,2035964614,5,Nguyễn Ngân
175,15148530,Tuyệt vời,đẹp như mô tả. ,Tốt,0,2037183616,5,nguyễn hữu nam
176,15148500,Tuyệt vời,đóng gói kỹ lưỡng. giá tốt. chưa dùng nên chưa đánh giá chất lượng,Tốt,1,2022985527,5,Lê Gia Chinh
177,15145853,Tuyệt vời,"chuyên nghiệp, thân thiện. đóng gói kỹ lưỡng. ",Tốt,0,2014603958,5,Nguyễn văn Bá
178,15144752,Tuyệt vời,chất lượng tuyệt vời. ,Tốt,0,2019285933,5,Nguyễn Thị Hồng Diễm
179,15144028,Hài lòng,đúng mô tả. giá hợp lý. ,Tốt,0,2024062184,4,Phạm Anh Vũ
180,15133517,Tuyệt vời,"chuyên nghiệp, thân thiện. đẹp như mô tả. đóng gói kỹ lưỡng. chất lượng tuyệt vời. giá tốt. giao hàng nhanh bất ngờ. ",Tốt,0,2027301492,5,Nguyễn thị ngọc thanh Thanh
181,15124125,Tuyệt vời,,Tốt,0,2036346769,5,Thắng Pham
182,15104445,Tuyệt vời,chất lượng tuyệt vời. ,Tốt,0,2017158521,5,Truong Thi Hai
183,15099828,Tuyệt vời,đóng gói kỹ lưỡng. ,Tốt,0,2029129117,5,hồng
184,15094724,Tuyệt vời,đẹp như mô tả. ,Tốt,0,2022526720,5,dũng anh
185,15061037,Tuyệt vời,"chuyên nghiệp, thân thiện. đẹp như mô tả. đóng gói kỹ lưỡng. hàng tốt nhưng giao hàng hơi lâu ",Tốt,1,2026273223,5,bao hoang
186,15053986,Tuyệt vời,,Tốt,0,2029142860,5,Bùi Tấn Đạt
187,15017031,Tuyệt vời,đẹp như mô tả. giá tốt. ,Tốt,0,2036821430,5,Nguyễn ngọc tuấn
188,15005222,Tuyệt vời,"ok, hơi bất tiện",Tốt,0,2037019473,5,Tuấn Anh Trần
189,14999746,Tuyệt vời,đẹp như mô tả. đóng gói kỹ lưỡng. chất lượng tuyệt vời. giá tốt. giao hàng nhanh bất ngờ. ,Tốt,0,2033468362,5,Liên nguyễn  thị
190,14924682,Tuyệt vời,,Tốt,0,2012992340,5,Nguyen Lyly
191,14912193,Tuyệt vời,chất lượng tuyệt vời. ,Tốt,0,2020002446,5,lãm nguyễn
192,14884257,Tuyệt vời,,Tốt,0,2021634443,5,Tony
193,14818800,Tuyệt vời,đóng gói kỹ lưỡng. giá tốt. ,Tốt,0,2036861382,5,Nhẫn Nguyễn
194,14770933,Tuyệt vời,đẹp như mô tả. ,Tốt,0,2031810872,5,my van thi anh
195,14738188,Tuyệt vời,"chuyên nghiệp, thân thiện. đẹp như mô tả. đóng gói kỹ lưỡng. chất lượng tuyệt vời. giá tốt. ",Tốt,0,2030126977,5,Hanh truong
196,14732024,Tuyệt vời,giá tốt. giao hàng nhanh bất ngờ. nhận hàng rồi nhưng chưa xem,Tốt,0,2031160319,5,An phạm như
197,14721620,Tuyệt vời,,Tốt,0,2036887410,5,Vũ Thị tư
198,14716132,Tuyệt vời,chất lượng tuyệt vời. giá tốt. ,Tốt,0,2024907118,5,phuoc pham gia
199,14690461,Tuyệt vời,,Tốt,0,2021559704,5,Phạm My
200,14678107,Tuyệt vời,đẹp như mô tả. đóng gói kỹ lưỡng. chất lượng tuyệt vời. ,Tốt,0,2013750775,5,TRẦN THỊ THU NGA
201,14677200,Tuyệt vời,,Tốt,0,2020159151,5,đại
202,14663379,Tuyệt vời,,Tốt,0,2029774389,5,thiện nguyễn thị
203,14656010,Tuyệt vời,"chuyên nghiệp, thân thiện. ",Tốt,0,2030379674,5,Nguyễn Hường
204,14650842,Hài lòng,đúng mô tả. ,Tốt,0,2036869107,4,Tôn Thất Bách
205,14630357,Tuyệt vời,đóng gói kỹ lưỡng. ,Tốt,0,2013430611,5,Phan Thị Trựu
206,14622894,Tuyệt vời,ok rat dep nhu mo ta luon um ho shop ,Tốt,1,2021344048,5,liên vo thi phuong
207,14613975,Chưa hài lòng,,Xấu,0,2036832737,2,nguyen phu van
208,14584450,Tuyệt vời,đẹp như mô tả. ,Tốt,0,2030632394,5,phạm hồng yên
209,14554118,Tuyệt vời,đẹp như mô tả. chất lượng tuyệt vời. giao hàng nhanh bất ngờ. ,Tốt,0,2036866858,5,Phương Thảo
210,13752221,Tuyệt vời,"chuyên nghiệp, thân thiện. chất lượng tuyệt vời. giá tốt. ",Tốt,0,2021408738,5,thuhong
211,13748935,Tuyệt vời,đóng gói kỹ lưỡng. giá tốt. ,Tốt,0,2022286101,5,Trần Thu Huyền
212,13735493,Tạm hài lòng,chưa chuyên nghiệp. ,Bình thường,0,2013218514,3,thuy tran thuy van
213,13733443,Tuyệt vời,đẹp như mô tả. ,Tốt,0,2030955929,5,Tran Trinh
214,13706285,Tuyệt vời,,Tốt,0,2035708060,5,my hanh
215,13701215,Tuyệt vời,giá tốt. ,Tốt,0,2028132002,5,Trúc Nguyễn
216,13683777,Tuyệt vời,,Tốt,0,2030825212,5,Thị Hồng Xuân Nguyễn
217,13649542,Tạm hài lòng,,Bình thường,0,2022455513,3,hồng lê cẩm
218,13637054,Tuyệt vời,,Tốt,0,2036059842,5,tiến đạt
219,13625885,Tuyệt vời,đẹp như mô tả. ,Tốt,0,2036063958,5,Tit Tom
220,13625475,Tuyệt vời,giá tốt. ,Tốt,0,2032768189,5,Thanh Tâm
221,13621710,Tuyệt vời,,Tốt,0,2014958281,5,Nam Trương
222,13610927,Hài lòng,chất lượng tốt. đóng gói kỹ. giá hợp lý. giao hàng nhanh. ,Tốt,0,2018369095,4,vi văn Đạt
223,13604831,Tuyệt vời,đẹp như mô tả. ,Tốt,0,2030130414,5,My nguyễn Thị Trà
224,13603930,Không hài lòng,chất lượng cần tốt hơn. ,Xấu,0,2026958293,1,nguyen dang ngoc
225,13600966,Tuyệt vời,"chuyên nghiệp, thân thiện. đẹp như mô tả. giao hàng nhanh bất ngờ. ",Tốt,0,2034352413,5,Nguyễn Nguyet
226,13591098,Tuyệt vời,,Tốt,0,656340,5,Nguyễn Thị Mãi
227,13560214,Tuyệt vời,,Tốt,0,2032853177,5,lethao lethao
228,13551655,Tuyệt vời,"chuyên nghiệp, thân thiện. đóng gói kỹ lưỡng. giá tốt. giao hàng nhanh bất ngờ. ",Tốt,0,2030212701,5,Đặng Huy
229,13537118,Tuyệt vời,hàng chất lượng ,Tốt,0,2022731063,5,Le Phuc
230,13527476,Tuyệt vời,"chuyên nghiệp, thân thiện. đẹp như mô tả. đóng gói kỹ lưỡng. giá tốt. giao hàng nhanh bất ngờ. ",Tốt,0,2025894551,5,thu nguyễn thị nguyệt
231,13519132,Tuyệt vời,,Tốt,0,2031585312,5,Đỉnh Nguyễn Thanh
232,13504965,Tuyệt vời,"giao hàng nhanh như 1 cơn gió, mua sale có 99k mà chất lượng ngoài mong đợi. cảm ơn shop  ",Tốt,1,2035965624,5,Kiều Anh
