﻿,id,title,comment,default_sentiment,like_count,customer_id,rating_star,customer_name
0,19269257,Chưa hài lòng,"chất lượng cần tốt hơn. ưu điểm  chất vải đẹp, shop tư vẫn nhiệt tình, có quà tặng từ shop. nhược điểm  đường kim may sấu, bị lịch fom.",Xấu,0,2038165369,2,Lai Van Tho
1,19140765,Tuyệt vời,quan soon như đầu ***,Tốt,0,2039736188,5,cù huy hà vü
2,19077872,Tuyệt vời,"chuyên nghiệp, thân thiện. đẹp như mô tả. đóng gói kỹ lưỡng. chất lượng tuyệt vời. giá tốt. quần giống như hình nhưng hơi mỏng ",Tốt,0,2041238294,5,Ngô Thuý Anh
3,19053070,Tuyệt vời,"chuyên nghiệp, thân thiện. đẹp như mô tả. mỏng mát, đúng phòng cách hàn quốc. ",Tốt,0,2023804551,5,Thanh Tran Duy
4,18966072,Tạm hài lòng,mỏng tạm được ,Bình thường,0,2041266488,3,Nguyễn Thị Kim Hoa
5,18928398,Tuyệt vời,đẹp như mô tả. đóng gói kỹ lưỡng. chất lượng tuyệt vời. giá tốt. ,Tốt,0,2013627440,5,Trần Tùng
6,18864467,Tạm hài lòng,"chất lượng ổn. 1 quần có túi sau , sao 1 quần không túi sau ( xám có ghi không) cần xem lại   ",Bình thường,2,2017619355,3,Phan Thanh Hoàng
7,18551076,Tuyệt vời,"quá tuyệt vời,thung lưng co giản tốt,chất vải thì nhẹ nhàng,mặc vào cảm giác mát mẻ.ok lắm.cảm thấy hài lòng tuy giao hàng hơi lâu.",Tốt,0,2027962395,5,Huỳnh Minh Văn
8,19226624,Tuyệt vời,,Tốt,0,2041540447,5,Anh Hiếu
9,19184959,Tuyệt vời,đẹp như mô tả. ,Tốt,0,2041897665,5,HUONGSONG
10,19181630,Tuyệt vời,đẹp như mô tả. ,Tốt,0,2015752654,5,hoang ngoc trung
11,19179916,Tuyệt vời,,Tốt,0,2028334678,5,NGUYỄN KHANG
12,19177944,Tuyệt vời,đẹp như mô tả. ,Tốt,0,2037572067,5,Quỳnh cơ quỳnh
13,19176685,Tuyệt vời,"chuyên nghiệp, thân thiện. đẹp như mô tả. đóng gói kỹ lưỡng. chất lượng tuyệt vời. ",Tốt,0,2038754985,5,Trần Huy Hiện
14,19137523,Tuyệt vời,,Tốt,0,2034591050,5,Bùi Dương
15,19137522,Tuyệt vời,,Tốt,0,2034591050,5,Bùi Dương
16,19093131,Hài lòng,,Tốt,0,2016856304,4,Đỗ Tuấn
17,19092497,Tuyệt vời,ko đẹp ,Tốt,0,2041637668,5,Nguyễn Thanh Vân
18,19091365,Tuyệt vời,,Tốt,0,2040355625,5,ngọc diềm
19,19087846,Tuyệt vời,,Tốt,0,2037145398,5,Nguyễn Hà
20,19086305,Tuyệt vời,"chuyên nghiệp, thân thiện. đẹp như mô tả. đóng gói kỹ lưỡng. giá tốt. giao hàng nhanh bất ngờ. ",Tốt,0,2026852541,5,phamvan
21,19085356,Tuyệt vời,,Tốt,0,2025683100,5,Phan Thanh Linh
22,19083750,Tuyệt vời,,Tốt,0,2014811935,5,Lường Văn Giáp
23,19079173,Không hài lòng,vê lam ge nhắc nồi,Xấu,0,2019141703,1,thế nguyễn văn
24,19078914,Tuyệt vời,,Tốt,0,2016856304,5,Đỗ Tuấn
25,19078623,Tuyệt vời,"chuyên nghiệp, thân thiện. chất lượng tuyệt vời. ",Tốt,0,2040960939,5,Đánh giá ẩn danh
26,19077406,Tuyệt vời,,Tốt,0,2035245815,5,đoàn minh châu
27,19067998,Tuyệt vời,"chuyên nghiệp, thân thiện. chất lượng tuyệt vời. giá tốt. giao hàng nhanh bất ngờ. ",Tốt,0,2039219384,5,Nguyễn Văn Vĩnh
28,19063516,Tạm hài lòng,,Bình thường,0,2022104039,3,phạm hồng châu
29,19062651,Tuyệt vời,đẹp như mô tả. đóng gói kỹ lưỡng. chất lượng tuyệt vời. giao hàng nhanh bất ngờ. ,Tốt,0,2040457316,5,0*** 
30,19045569,Không hài lòng,vải mỏng quá ,Xấu,0,2036854812,1,Nguyễn thị thu thảo
31,19041536,Tuyệt vời,,Tốt,0,145469,5,nguyễn mai
32,19036451,Tạm hài lòng,đóng gói kỹ. ,Bình thường,0,2028216718,3,nguyễn tiến đông
33,19024662,Tuyệt vời,,Tốt,0,2041118188,5,nguyễn thanh tam
34,19019540,Tuyệt vời,"chuyên nghiệp, thân thiện. ",Tốt,0,2027902634,5,banhdangchilong
35,19018770,Tuyệt vời,"chuyên nghiệp, thân thiện. đẹp như mô tả. đóng gói kỹ lưỡng. chất lượng tuyệt vời. giá tốt. giao hàng nhanh bất ngờ. ",Tốt,0,2041345539,5,Lâm Thuận
36,19018509,Tuyệt vời,,Tốt,0,2021836349,5,nguyen ngoc khanh
37,19011309,Không hài lòng,cần đúng với mô tả. shop cần thân thiện hơn. giao hàng tào lao,Xấu,0,2019346499,1,PHÚ QUÍ (Mầm Non Gà Con )
38,19009344,Tuyệt vời,"chuyên nghiệp, thân thiện. ",Tốt,0,2040056470,5,Anh Duong
39,19008245,Tuyệt vời,,Tốt,0,2021021087,5,Tân Hồ Thanh
40,19006942,Tuyệt vời,chất lượng tuyệt vời. giá tốt. giao hàng nhanh bất ngờ. ,Tốt,0,2039219384,5,Nguyễn Văn Vĩnh
41,19002739,Tuyệt vời,,Tốt,0,2040422805,5,Thanh Nguyen
42,19000995,Tuyệt vời,"chuyên nghiệp, thân thiện. ",Tốt,0,2027902634,5,banhdangchilong
43,18996854,Tuyệt vời,,Tốt,0,2021021087,5,Tân Hồ Thanh
44,18985650,Tuyệt vời,,Tốt,0,2015166764,5,Hoang vuong Vuong
45,18981769,Tuyệt vời,,Tốt,0,2041108712,5,lê nghĩa
46,18980485,Tuyệt vời,đẹp như mô tả. đóng gói kỹ lưỡng. giá tốt. giao hàng nhanh bất ngờ. ,Tốt,0,2018865126,5,Mai Phạm Thúy
47,18979091,Tạm hài lòng,,Bình thường,0,2041546033,3,Phạm Ngọc ẩn
48,18978395,Tuyệt vời,,Tốt,0,2041428835,5,lâm minh thùy
49,18977912,Tuyệt vời,đẹp như mô tả. đóng gói kỹ lưỡng. chất lượng tuyệt vời. giá tốt. giao hàng nhanh bất ngờ. ,Tốt,0,2021706611,5,SƠN nguyễn hải
50,18975732,Tuyệt vời,vưa y ,Tốt,0,2021836349,5,nguyen ngoc khanh
51,18968788,Tuyệt vời,đẹp như mô tả. ,Tốt,0,2041399230,5,Nguyễn Văn Lợi
52,18965545,Tuyệt vời,,Tốt,0,2038514395,5,Mai Huynh
53,18964478,Tuyệt vời,đẹp như mô tả. chất lượng tuyệt vời. ,Tốt,0,2038257432,5,lamanhthachthi
54,18928755,Tuyệt vời,giá tốt. ,Tốt,0,2036789821,5,Pham van dan
55,18927603,Tuyệt vời,,Tốt,0,2036977338,5,Phi Nhật
56,18926940,Tuyệt vời,,Tốt,0,2037980698,5,nguyễn tú như
57,18924906,Tuyệt vời,đẹp như mô tả. chất lượng tuyệt vời. giá tốt. ,Tốt,0,2038044512,5,Thị Ngọc Chế
58,18914142,Tuyệt vời,"chuyên nghiệp, thân thiện. đẹp như mô tả. đóng gói kỹ lưỡng. chất lượng tuyệt vời. giá tốt. giao hàng nhanh bất ngờ. ",Tốt,0,2040658510,5,Đỗ thế Dũng
59,18886532,Không hài lòng,vải mỏng..quần hơi dài so với hình..,Xấu,0,2024492966,1,ni
60,18818235,Tuyệt vời,,Tốt,0,2041175647,5,Nguyễn Quốc Thuận
61,18785261,Tuyệt vời,,Tốt,0,2023059251,5,internet QUỐC CƯỜNG
62,18778332,Tạm hài lòng,,Bình thường,0,2013139833,3,Đánh giá ẩn danh
63,18770480,Tuyệt vời,,Tốt,0,2038731971,5,Dương Phạm
64,18767712,Tuyệt vời,,Tốt,0,2025752985,5,tam truong thanh
65,18761659,Tuyệt vời,chất lượng tuyệt vời. giá tốt. giao hàng nhanh bất ngờ. ,Tốt,0,2036455792,5,hường tuấn
66,18737290,Tuyệt vời,đẹp như mô tả. giao hàng nhanh bất ngờ. ,Tốt,0,2037649400,5,VŨ-LÂM
67,18674427,Tạm hài lòng,giao hàng tạm ổn. ,Bình thường,0,2027876777,3,Đặng Tiến
68,18670475,Tuyệt vời,đẹp như mô tả. đóng gói kỹ lưỡng. chất lượng tuyệt vời. ,Tốt,0,2030695440,5,nguyên mai khắc
69,18665114,Tuyệt vời,giá tốt. ,Tốt,0,2028986867,5,trinh nguyen
70,18638107,Tuyệt vời,"chuyên nghiệp, thân thiện. đẹp như mô tả. giao hàng nhanh bất ngờ. ",Tốt,0,2041032029,5,Bui Tham
71,18607372,Tuyệt vời,"chuyên nghiệp, thân thiện. đẹp như mô tả. đóng gói kỹ lưỡng. chất lượng tuyệt vời. giá tốt. giao hàng nhanh bất ngờ. ",Tốt,0,2032497126,5,Đông Phong Nguyễn
72,18593955,Tuyệt vời,"chuyên nghiệp, thân thiện. đẹp như mô tả. chất lượng tuyệt vời. giá tốt. giao hàng nhanh bất ngờ. ",Tốt,0,2037858547,5,Đào Thị Minh Châm
73,18590275,Tuyệt vời,giá tốt. thát vọng không có túi sau.,Tốt,0,2025810623,5,Trung Nguyễn Chí
74,18584163,Tuyệt vời,,Tốt,0,2036474224,5,Tran Long
75,18562778,Tuyệt vời,"chuyên nghiệp, thân thiện. đẹp như mô tả. đóng gói kỹ lưỡng. ",Tốt,0,2016978508,5,Nga Ho
76,18562412,Tuyệt vời,chất lượng tuyệt vời. giá tốt. giao hàng nhanh bất ngờ. ,Tốt,0,2040910172,5,Loan kỳ
77,18550286,Tuyệt vời,đẹp như mô tả. ,Tốt,0,2028986652,5,Nguyễn Văn Trung
78,18550224,Tuyệt vời,,Tốt,0,2020512565,5,Đánh giá ẩn danh
79,18542562,Tuyệt vời,đẹp như mô tả. ,Tốt,0,2014804921,5,Đánh giá ẩn danh
80,18542183,Tuyệt vời,"chuyên nghiệp, thân thiện. đẹp như mô tả. đóng gói kỹ lưỡng. chất lượng tuyệt vời. giá tốt. ",Tốt,0,2013835660,5,Dương Trí Dũng
81,18542184,Tuyệt vời,"chuyên nghiệp, thân thiện. đẹp như mô tả. đóng gói kỹ lưỡng. chất lượng tuyệt vời. giá tốt. ",Tốt,0,2013835660,5,Dương Trí Dũng
82,18540766,Tuyệt vời,,Tốt,0,2028056082,5,huỳnh diệu
83,18539937,Tạm hài lòng,chất lượng ổn. ,Bình thường,0,2035187309,3,kim my
84,18537463,Tuyệt vời,giá tốt. ,Tốt,0,2014260218,5,Tạ Đăng Quốc Vũ
85,18534092,Tuyệt vời,"chuyên nghiệp, thân thiện. đẹp như mô tả. đóng gói kỹ lưỡng. chất lượng tuyệt vời. ",Tốt,0,2038754985,5,Trần Huy Hiện
86,18533142,Tuyệt vời,"đẹp như mô tả. đóng gói kỹ lưỡng. chất lượng tuyệt vời. giao hàng nhanh bất ngờ. chuyên nghiệp, thân thiện. giá tốt. ok",Tốt,0,236823,5,Dũng Hà
87,18532758,Tuyệt vời,"chuyên nghiệp, thân thiện. đẹp như mô tả. đóng gói kỹ lưỡng. giao hàng nhanh bất ngờ. ",Tốt,0,2027841077,5,anh dai
88,18532670,Tuyệt vời,,Tốt,0,2036930591,5,Phạm Hoài Thu
89,18531889,Tuyệt vời,chất lượng như năm ngoái ổn định. tốt,Tốt,0,2020101886,5,minh minh
90,18531104,Tuyệt vời,"chuyên nghiệp, thân thiện. đẹp như mô tả. đóng gói kỹ lưỡng. chất lượng tuyệt vời. giá tốt. giao hàng nhanh bất ngờ. ",Tốt,0,2032497126,5,Đông Phong Nguyễn
91,18530769,Hài lòng,,Tốt,0,2020657925,4,ha thuc
92,18530770,Hài lòng,,Tốt,0,2020657925,4,ha thuc
93,18529426,Tuyệt vời,,Tốt,0,2022581155,5,Loan Nguyễn
94,18524664,Hài lòng,quần short ko cố túi hậu thật chán chỉ 4sao là ưu ái rồi,Tốt,0,2040061232,4,Nguyễn Mạnh Giang
95,18501562,Tuyệt vời,,Tốt,0,456432,5,phan thị thu loan
96,18329011,Hài lòng,,Tốt,0,2018253382,4,Nguyễn văn hùng
97,18232066,Hài lòng,,Tốt,0,2027556186,4,Le Nguyên
98,17928218,Tuyệt vời,,Tốt,0,2032447492,5,khang nguyễn
99,17613968,Tuyệt vời,,Tốt,0,2022413441,5,Happy
100,17209707,Tuyệt vời,đẹp như mô tả. ,Tốt,0,2022983012,5,Tím Lê Thị
101,17004085,Tuyệt vời,đẹp như mô tả. giá tốt. ,Tốt,0,2020766933,5,lelamhuynh
102,16516468,Tuyệt vời,,Tốt,0,2020961109,5,Thu Lê Thị
103,16396490,Tuyệt vời,,Tốt,0,2019354740,5,do trang
104,16146467,Tuyệt vời,"chuyên nghiệp, thân thiện. ",Tốt,0,2037101956,5,Nguyễn Đức Dưỡng
105,15987780,Tuyệt vời,đẹp như mô tả. ,Tốt,0,2022497660,5,Vương minh tuấn
106,15415133,Tạm hài lòng,giao hàng tạm ổn. ,Bình thường,0,2037333077,3,huỳnh thị lành
107,15356937,Chưa hài lòng,"chất lượng cần tốt hơn. vải mỏng, quá tệ.",Xấu,0,2014995116,2,Hà Đức Minh
108,15311108,Không hài lòng,"đồ cũ,khuy quần đã mở rồi ",Xấu,0,2019631453,1,sen luu thi
109,15297184,Tuyệt vời,"chuyên nghiệp, thân thiện. đẹp như mô tả. giá tốt. ",Tốt,0,2019200927,5,Nguyen Hằng
110,15282837,Tuyệt vời,giao hàng nhanh bất ngờ. ,Tốt,0,2033480950,5,tuyet phan ngoc
111,15261630,Tuyệt vời,"đóng gói kỹ lưỡng. giao hàng nhanh bất ngờ. hàng hơi mỏng, tốt.",Tốt,0,2036222692,5,Chi Dinh
112,15251429,Tuyệt vời,,Tốt,0,2017179190,5, longhuutai  longhuutai
113,15249602,Tuyệt vời,,Tốt,0,2021751279,5,Thu Phạm Thị Phong
114,15023129,Tuyệt vời,đẹp như mô tả. ,Tốt,0,2031272941,5,ngọc kim
115,14390421,Hài lòng,giá hợp lý. ,Tốt,0,2022329315,4,huy khánh
116,14370499,Tuyệt vời,đẹp như mô tả. chất lượng tuyệt vời. giao hàng nhanh bất ngờ. ,Tốt,0,2017943133,5,Cà Văn Thịnh
117,14338414,Tuyệt vời,"chuyên nghiệp, thân thiện. đẹp như mô tả. chất lượng tuyệt vời. ",Tốt,0,2036505953,5,Vh11102012
118,14322862,Tạm hài lòng,chất lượng ổn. giá hơi đắt. đóng gói kỹ. hình thức giống như mô tả. tuy nhiên chất lượng vải không cao như mong đợi. vải hơi mỏng. các túi may cạn quá ,Bình thường,1,2019111510,3,NGUYEN HOANG CHUONG
119,14258560,Tuyệt vời,"chuyên nghiệp, thân thiện. giá tốt. ",Tốt,0,2023140348,5,hoa vu thi
120,14246849,Tuyệt vời,đẹp như mô tả. chất lượng tuyệt vời. giá tốt. ,Tốt,0,2032960113,5,kiều tiên
121,14214778,Tuyệt vời,"chuyên nghiệp, thân thiện. đẹp như mô tả. giá tốt. ",Tốt,0,2035084709,5,loc tran
122,14199655,Tuyệt vời,đẹp như mô tả. giá tốt. ,Tốt,0,2029440486,5,nguyenthit
123,14183713,Tuyệt vời,,Tốt,0,2019173700,5, Phương Dương Văn
124,14180033,Hài lòng,,Tốt,0,2023249638,4,nguyen thanh nhan
125,14171522,Hài lòng,đóng gói kỹ. ok.,Tốt,0,2033843864,4,điền hoàng công
126,14163907,Tuyệt vời,đẹp như mô tả. ,Tốt,0,2017632794,5,ngan ngo thi
127,14162843,Hài lòng,đúng mô tả. giá hợp lý. ,Tốt,0,2030696468,4,hiếu trần thị
128,14159267,Tuyệt vời,,Tốt,0,2032664301,5,phanhongson
129,14150771,Tuyệt vời,,Tốt,0,2027789662,5,Trần dùng hoang
130,14149199,Tuyệt vời,đẹp như mô tả. chất lượng tuyệt vời. giá tốt. giao hàng nhanh bất ngờ. ,Tốt,0,2013173585,5,Anh Hoàng
131,14147914,Tuyệt vời,,Tốt,0,2036499982,5,Lê Hoa
132,14141741,Tuyệt vời,"chuyên nghiệp, thân thiện. đẹp như mô tả. đóng gói kỹ lưỡng. chất lượng tuyệt vời. giá tốt. ",Tốt,0,2024662135,5,Quang Nguyen
133,14138571,Tuyệt vời,đẹp như mô tả. chất lượng tuyệt vời. giá tốt. ,Tốt,0,2016201642,5,Đàm Thị Định
134,14124203,Tuyệt vời,"chuyên nghiệp, thân thiện. đẹp như mô tả. đóng gói kỹ lưỡng. chất lượng tuyệt vời. giá tốt. giao hàng nhanh bất ngờ. toi chua tung mac cai quan nao dep nhu vay.mac quan nhu chia mac.vi chat luong vai mong ma mat.chat luong thi tuyet voi.co the minh se gioi thieu cho ban be.va mua them nua.cam on sop",Tốt,0,2034291926,5,pham phuong
135,14120865,Tuyệt vời,đẹp như mô tả. ,Tốt,0,2023833177,5,Trịnh Đình Tâm
136,14119862,Tuyệt vời,"chuyên nghiệp, thân thiện. ",Tốt,0,2027411368,5,chuột cu đen
137,14115447,Tuyệt vời,,Tốt,0,2021441451,5,Tiger2468
138,14113169,Không hài lòng,chất lượng cần tốt hơn. ,Xấu,0,2030781729,1,Nguyen Toan
139,14109538,Tuyệt vời,"chuyên nghiệp, thân thiện. đẹp như mô tả. đóng gói kỹ lưỡng. giá tốt. ",Tốt,0,2014124431,5,nguyễn Lan Anh
140,14106296,Tuyệt vời,"giá tốt hàng mặc nhẹ, mát.",Tốt,0,2035955305,5,Bùi Minh Sơn
141,14031151,Tuyệt vời,"quần đúng size, vải đẹp",Tốt,0,2013316958,5,Phạm Hoàn Hảo
142,13969642,Tuyệt vời,đẹp như mô tả. chất lượng tuyệt vời. giá tốt. ,Tốt,0,2015004618,5,phongvan
143,13968469,Tuyệt vời,đẹp như mô tả. mặc mát,Tốt,0,2018372464,5,Thư Tâm
144,13935767,Chưa hài lòng,chất lượng cần tốt hơn. cần đúng với mô tả. ,Xấu,0,2020980410,2,nhan nguyen
145,13920615,Tuyệt vời,"chuyên nghiệp, thân thiện. đẹp như mô tả. đóng gói kỹ lưỡng. chất lượng tuyệt vời. giá tốt. giao hàng nhanh bất ngờ. ",Tốt,0,2029063334,5,nguyenthilan nguyenthil
146,13918150,Tuyệt vời,giá tốt. ,Tốt,0,2014366541,5,Phạm Duy Hiển
147,13742178,Tuyệt vời,,Tốt,0,2035718685,5,ho hien
148,13501000,Hài lòng,,Tốt,0,2036026385,4,Herô Tèo
149,13410055,Tuyệt vời,uy tín và chất lượng lưu ý về đường may là ok ,Tốt,0,2033754743,5,HồngLê 
150,13400907,Tuyệt vời,"chuyên nghiệp, thân thiện. đóng gói kỹ lưỡng. giá tốt. ",Tốt,0,2021931726,5,Bùi Ngọc Tuấn
151,13336544,Tuyệt vời,"đã mua lần thứ 2. cho cả chồng và ba. hàng tốt, giá mềm nhưng dc cái hài lòng",Tốt,0,2014970169,5,Dương Thùy
152,13256453,Chưa hài lòng,"chất lượng cần tốt hơn. giao hàng cần nhanh hơn. vải rất xấu, mặc vào suôn ko đứng quần.",Xấu,0,2016491489,2,Huy Nguyen Thanh
153,13224410,Tuyệt vời,đóng gói kỹ lưỡng. hàng quá kém chất lượng. chăc bán 1 lần ko ai thèm mua. max mới có lần giăc xong bung hết chỉ. nói chung quá tệ.yêu câu sendo loại bỏ shop này khoi trang. co hinh ảnh cụ thể,Tốt,0,2033655692,5,luân nguyên
154,13198551,Tuyệt vời,"chuyên nghiệp, thân thiện. ",Tốt,0,2016626552,5,ngoan Phan thi
155,13020026,Hài lòng,,Tốt,0,2035466218,4,Lê Vân
156,12950357,Tuyệt vời,giá tốt. ,Tốt,0,2035476042,5,lê tuấn linh
157,12941448,Tuyệt vời,đẹp như mô tả. ,Tốt,0,2020232968,5,Nguyễn Quốc Việt
158,12939698,Tuyệt vời,,Tốt,0,2034936208,5,hgngoc
159,12937640,Tuyệt vời,"quần đẹp, shop bán hàng uy tín, mọi ng hãy ủng hộ shop.",Tốt,0,2025050860,5,thiện hồ minh
160,12909535,Không hài lòng,"kg đáng 1 xu, cầm cái quần kg nói nên lời luôn   ",Xấu,2,2026253511,1,khang Tran nguyen
161,12907205,Tuyệt vời,,Tốt,0,2028665503,5,Lê Tiến
162,12905955,Tuyệt vời,giá tốt. giao hàng nhanh bất ngờ. ,Tốt,0,2033754743,5,HồngLê 
163,12898863,Tuyệt vời,,Tốt,0,2021175073,5,hang ni le
164,12874276,Tuyệt vời,đóng gói kỹ lưỡng. ,Tốt,0,2032784244,5,Lê Ny
165,12851753,Tạm hài lòng,sản phẩm/dịch vụ tương đối giống mô tả. ,Bình thường,0,2035498452,3,Thỏa Lo
166,12848506,Tuyệt vời,chất lượng tuyệt vời. giá tốt. vải đẹp mát ,Tốt,0,2025621302,5,Huynh Minh Thu
167,12844064,Tuyệt vời,"chuyên nghiệp, thân thiện. đẹp như mô tả. đóng gói kỹ lưỡng. chất lượng tuyệt vời. giá tốt. giao hàng nhanh bất ngờ. ",Tốt,0,2033315204,5,Đặng Công Trình
168,12842701,Hài lòng,dc. ,Tốt,0,2034980057,4,nguyễn hồng
169,12839589,Tuyệt vời,"chuyên nghiệp, thân thiện. đẹp như mô tả. đóng gói kỹ lưỡng. chất lượng tuyệt vời. giá tốt. giao hàng nhanh bất ngờ. ",Tốt,0,2026442490,5,Hường Võ Thị Như
170,12838800,Tuyệt vời,"chuyên nghiệp, thân thiện. đẹp như mô tả. ",Tốt,0,2025050860,5,thiện hồ minh
171,12828831,Tuyệt vời,đẹp như mô tả. giá tốt. ,Tốt,0,2032893180,5,Hà hữu Huy
172,12826777,Tạm hài lòng,chất lượng ổn. đúng mô tả. giao hàng tạm ổn. giá hơi đắt. chưa chuyên nghiệp. đóng gói kỹ. ,Bình thường,0,2016000686,3, Huynh van an
173,12825044,Tuyệt vời,đẹp như mô tả. ,Tốt,0,2026711003,5,Nguyen Hoanglam
174,12803585,Tuyệt vời,hàng y hình chất mát nên mua  ,Tốt,0,2021933963,5,nam dung
175,12798889,Tuyệt vời,trời ơi tin được ko. hàng đẹp lắm luôn tuyệt vời. mọi người nên mua. ,Tốt,0,2017838938,5,Trần Thị Thanh Huyền
176,12798890,Tuyệt vời,,Tốt,0,2017838938,5,Trần Thị Thanh Huyền
177,12790252,Tuyệt vời,"sản phẩm/dịch vụ giống mô tả và tốt hơn mong đợi. chất lượng sản phẩm/dịch vụ rất tốt. hàng ok, nhưng nhiều chỉ thừa",Tốt,0,401472,5,Hoàng Thị Hải Yến Hải Yến
178,12784651,Tuyệt vời,quần thì đẹp nhưng cái túi ngắn quá bỏ điện thoại hay bóp tiền để bị rơi,Tốt,0,2018799829,5,Tình Lê
179,12784652,Tuyệt vời,,Tốt,0,2018799829,5,Tình Lê
180,12783488,Tuyệt vời,"sản phẩm/dịch vụ giống mô tả và tốt hơn mong đợi. chất lượng sản phẩm/dịch vụ rất tốt. gửi sản phẩm/vé dịch vụ nhanh. shop tư vấn, hướng dẫn cực kỳ nhiệt tình. túi sâu thêm tầm 3cm thì ok luôn. ",Tốt,0,2014880445,5,HÙNG phaM HUE 
181,12783216,Tuyệt vời,rất ưng ý,Tốt,0,2026281705,5,linh nguyễn
182,12783217,Tuyệt vời,,Tốt,0,2026281705,5,linh nguyễn
183,12771804,Hài lòng,sản phẩm/dịch vụ giống mô tả. chất lượng sản phẩm/dịch vụ khá tốt. ,Tốt,0,2035113117,4,Tùng Hoang
184,12771805,Hài lòng,,Tốt,0,2035113117,4,Tùng Hoang
185,12767358,Tuyệt vời,"gửi sản phẩm/vé dịch vụ nhanh. shop tư vấn, hướng dẫn cực kỳ nhiệt tình. chất đẹp . vải hơi mỏng. shop cực kì nhiệt tình. sẽ ủng hộ shop dài ",Tốt,0,2028567628,5,Trần Thùy Linh
186,12767359,Tuyệt vời,,Tốt,0,2028567628,5,Trần Thùy Linh
187,12766726,Tuyệt vời,sản phẩm/dịch vụ giống mô tả và tốt hơn mong đợi. chất lượng sản phẩm/dịch vụ rất tốt. ,Tốt,0,2030939577,5,Nguyễn Thảo
188,12766727,Tuyệt vời,sản phẩm/dịch vụ giống mô tả và tốt hơn mong đợi. chất lượng sản phẩm/dịch vụ rất tốt. ,Tốt,0,2030939577,5,Nguyễn Thảo
189,12763127,Tuyệt vời,"sản phẩm/dịch vụ giống mô tả và tốt hơn mong đợi. chất lượng sản phẩm/dịch vụ rất tốt. gửi sản phẩm/vé dịch vụ nhanh. shop tư vấn, hướng dẫn cực kỳ nhiệt tình. ",Tốt,1,2016550871,5,Nguyễn Thiện Phú
190,12757660,Tuyệt vời,đóng gói kỹ lưỡng. ,Tốt,0,2035476042,5,lê tuấn linh
191,12742681,Tuyệt vời,,Tốt,0,2028337704,5,Hà ab
192,12740392,Tuyệt vời,giá tốt. ,Tốt,0,2024473267,5,hoàng hải
193,12730401,Hài lòng,"ngoài xxl, trong sz m, chất mát.",Tốt,0,2029740128,4,Le Thom
