﻿,id,title,comment,default_sentiment,like_count,customer_id,rating_star,customer_name
0,19201142,Tuyệt vời,đẹp như mô tả. chất lượng tuyệt vời. giá tốt. ,Tốt,0,2035840315,5,Quỳnh Dương
1,19238500,Tuyệt vời,"bán hàng đùa à,30gr mà sao đưa có 10gr",Tốt,0,2036816017,5,Trinh Hieu
2,19109463,Tuyệt vời,đóng gói kỹ lưỡng. giao đúng sản phẩm ,Tốt,0,2034227602,5,Đánh giá ẩn danh
3,18970583,Tuyệt vời,"chuyên nghiệp, thân thiện. đẹp như mô tả. đóng gói kỹ lưỡng. chất lượng tuyệt vời. giá tốt. ",Tốt,0,2015592585,5,Đánh giá ẩn danh
4,19294300,Tuyệt vời,đóng gói kỹ lưỡng. ,Tốt,0,2019135767,5,thu hang
5,19293947,Tuyệt vời,,Tốt,0,2042663903,5,thach dieu
6,19241205,Tuyệt vời,,Tốt,0,2029163409,5,Văn Khương
7,19238195,Tuyệt vời,,Tốt,0,2042182790,5,Hân Ly
8,19157774,Tuyệt vời,,Tốt,0,2024961549,5, dangthithuytien
9,19104165,Tuyệt vời,"chuyên nghiệp, thân thiện. đẹp như mô tả. đóng gói kỹ lưỡng. giá tốt. ",Tốt,0,2041399921,5,Lê Bền
10,18952516,Tuyệt vời,chất lượng tuyệt vời. giá tốt. giao hàng nhanh bất ngờ. ,Tốt,0,2020237860,5,Nguyễn Hà
11,18902036,Tuyệt vời,,Tốt,0,2016608310,5,Thu thảo
12,18899333,Tuyệt vời,,Tốt,0,2017386423,5,Như Phượng ly
13,18889392,Tuyệt vời,"chuyên nghiệp, thân thiện. đẹp như mô tả. đóng gói kỹ lưỡng. chất lượng tuyệt vời. giá tốt. giao hàng nhanh bất ngờ. ",Tốt,0,2024861576,5,hiền trần
14,18888742,Tuyệt vời,"chuyên nghiệp, thân thiện. đẹp như mô tả. đóng gói kỹ lưỡng. giá tốt. ",Tốt,0,2026787581,5,toan Phan Thị
15,18877721,Tuyệt vời,,Tốt,0,2037009390,5,nguyễn thị minh
16,18873039,Tuyệt vời,"chuyên nghiệp, thân thiện. đẹp như mô tả. đóng gói kỹ lưỡng. chất lượng tuyệt vời. giá tốt. giao hàng nhanh bất ngờ. ",Tốt,0,2031541918,5,ngô thư
17,18858382,Hài lòng,,Tốt,1,2025518987,4,Đánh giá ẩn danh
18,18848248,Tuyệt vời,đẹp như mô tả. đóng gói kỹ lưỡng. giao hàng nhanh bất ngờ. ,Tốt,1,2028952901,5,Hong Do
19,18836150,Tuyệt vời,"chuyên nghiệp, thân thiện. đẹp như mô tả. đóng gói kỹ lưỡng. giá tốt. ",Tốt,0,2034701011,5,LOAN NGUYỄN
20,18801279,Tuyệt vời,chất lượng tuyệt vời. ,Tốt,0,2019904676,5,bui tien giang
21,18799988,Tuyệt vời,mới sử dụng nên chưa thể đánh giá ,Tốt,0,2022499326,5,Chi Nguyễn
22,18791244,Tuyệt vời,gói cẩn thận chưa sử dung chưa biêt,Tốt,1,2039435423,5,nguyen quyen
23,18790037,Tuyệt vời,,Tốt,0,2027864957,5,Đào Thị Thu Trang
24,18789311,Tuyệt vời,,Tốt,0,2033471581,5,lương nguyễn bảo trâm
25,18761789,Tuyệt vời,đẹp như mô tả. giao hàng nhanh bất ngờ. ,Tốt,0,2019904676,5,bui tien giang
26,18742334,Tuyệt vời,đẹp như mô tả. ,Tốt,0,2040293058,5,Tống thị thoại vy
27,18741642,Tuyệt vời,"chuyên nghiệp, thân thiện. đẹp như mô tả. đóng gói kỹ lưỡng. chất lượng tuyệt vời. giá tốt. giao hàng nhanh bất ngờ. ",Tốt,0,2019677113,5,thuy thuy
28,18741342,Tuyệt vời,đẹp như mô tả. ,Tốt,0,2025488301,5,Tinh Hoc
29,18730916,Tuyệt vời,đẹp như mô tả. ,Tốt,0,2026535202,5,Ngô Hiền
30,18730842,Hài lòng,chuyên nghiệp. đóng gói kỹ. ,Tốt,0,2021147439,4,hường đặng thị
31,18724848,Tuyệt vời,,Tốt,0,2041094219,5,Nguyễn Thị Tâm
32,18722573,Tuyệt vời,"đóng gói kỹ lưỡng. giao hàng nhanh bất ngờ. chuyên nghiệp, thân thiện. ",Tốt,0,2038508203,5,Nguyễn Quế Anh
33,18704362,Tuyệt vời,,Tốt,0,2040006458,5,Bình Mai
34,18688453,Tuyệt vời,chưa sử dụng nhưng rất hài lòng với nhà cung cấp,Tốt,1,2027604918,5,nguyen thi hải
35,18686820,Tuyệt vời,"chuyên nghiệp, thân thiện. đẹp như mô tả. ",Tốt,0,2014617954,5,Giang ngan thao
36,18685717,Tạm hài lòng,giao hàng tạm ổn. ,Bình thường,0,2014729623,3,hồng lê
37,18676162,Tuyệt vời,"chuyên nghiệp, thân thiện. ",Tốt,0,2041104203,5,đỗ thị dung
38,18654822,Tuyệt vời,"chuyên nghiệp, thân thiện. đẹp như mô tả. đóng gói kỹ lưỡng. giá tốt. giao hàng nhanh bất ngờ. ",Tốt,1,2036124960,5,tran van ho
39,18614891,Tuyệt vời,giá tốt. ,Tốt,0,2040459135,5,Phạm Thị Nương
40,18597866,Tuyệt vời,giá tốt. ,Tốt,1,2037648616,5,nguyên thị hiền
41,18555689,Tuyệt vời,"sop thân thiện, nhiệt tình, mình đangsài kết quả mình sẽ nói sau ",Tốt,3,2040907836,5,Nguyễn Thị Mỹ Linh
42,18551171,Tuyệt vời,,Tốt,0,2025471381,5,huyền nguyễn thị
43,18438181,Tuyệt vời,"chuyên nghiệp, thân thiện. đẹp như mô tả. đóng gói kỹ lưỡng. chất lượng tuyệt vời. giá tốt. ",Tốt,1,2025980823,5,sen nguyễn thị kim
44,18411659,Tuyệt vời,"chuyên nghiệp, thân thiện. đẹp như mô tả. đóng gói kỹ lưỡng. chất lượng tuyệt vời. giá tốt. giao hàng nhanh bất ngờ. ",Tốt,1,2037920092,5,Bup Nguyen
45,18401520,Tuyệt vời,đóng gói kỹ lưỡng. giao hàng nhanh bất ngờ. ,Tốt,1,2034155303,5,Hồng Nghiêm
46,18397248,Tuyệt vời,đẹp như mô tả. đóng gói kỹ lưỡng. giá tốt. ,Tốt,1,2033877711,5,maiphuong
47,18391708,Tuyệt vời,,Tốt,1,2027437124,5,mylinh86
48,18388646,Tuyệt vời,sản phẩm/dịch vụ giống mô tả và tốt hơn mong đợi. gửi sản phẩm/vé dịch vụ nhanh. ,Tốt,1,2031546683,5,uyên Bùi thị thu
49,18379242,Tuyệt vời,"chuyên nghiệp, thân thiện. đẹp như mô tả. giao hàng nhanh bất ngờ. ",Tốt,1,2034155303,5,Hồng Nghiêm
50,18362248,Tuyệt vời,"chuyên nghiệp, thân thiện. đẹp như mô tả. đóng gói kỹ lưỡng. chất lượng tuyệt vời. giá tốt. giao hàng nhanh bất ngờ. ",Tốt,1,2018197613,5,Đỗ linh
51,18359991,Tuyệt vời,"chuyên nghiệp, thân thiện. đóng gói kỹ lưỡng. giá tốt. ",Tốt,1,2040658518,5,phan thu
52,18358107,Tuyệt vời,"chuyên nghiệp, thân thiện. đẹp như mô tả. đóng gói kỹ lưỡng. giao hàng nhanh bất ngờ. giao hàng nhanh chóng chăm sóc chất lượng cũng rất chu đáo",Tốt,1,2015949648,5,cùi bắp
