﻿,id,title,comment,default_sentiment,like_count,customer_id,rating_star,customer_name,tokenized_comment,underthesea_sentiment,phobert_sentiment_score
0,19201142,Tuyệt vời,đẹp như mô tả. chất lượng tuyệt vời. giá tốt. ,Tốt,0,2035840315,5,Quỳnh Dương,đẹp như mô tả ,POSITIVE,Tích cực
0,19201142,Tuyệt vời,đẹp như mô tả. chất lượng tuyệt vời. giá tốt. ,Tốt,0,2035840315,5,Quỳnh Dương,chất lượng tuyệt vời ,POSITIVE,Tích cực
0,19201142,Tuyệt vời,đẹp như mô tả. chất lượng tuyệt vời. giá tốt. ,Tốt,0,2035840315,5,Quỳnh Dương,giá tốt ,POSITIVE,Tích cực
1,19238500,Tuyệt vời,"bán hàng đùa à,30gr mà sao đưa có 10gr",Tốt,0,2036816017,5,Trinh Hieu,bán hàng đùa à  30 gr mà sao đưa có 10 gr,NEUTRAL,Tiêu cực
2,19109463,Tuyệt vời,đóng gói kỹ lưỡng. giao đúng sản phẩm ,Tốt,0,2034227602,5,Đánh giá ẩn danh,đóng gói kỹ lưỡng ,POSITIVE,Trung tính
2,19109463,Tuyệt vời,đóng gói kỹ lưỡng. giao đúng sản phẩm ,Tốt,0,2034227602,5,Đánh giá ẩn danh,giao đúng sản phẩm,POSITIVE,Trung tính
3,18970583,Tuyệt vời,"chuyên nghiệp, thân thiện. đẹp như mô tả. đóng gói kỹ lưỡng. chất lượng tuyệt vời. giá tốt. ",Tốt,0,2015592585,5,Đánh giá ẩn danh,chuyên nghiệp  thân thiện ,POSITIVE,Tích cực
3,18970583,Tuyệt vời,"chuyên nghiệp, thân thiện. đẹp như mô tả. đóng gói kỹ lưỡng. chất lượng tuyệt vời. giá tốt. ",Tốt,0,2015592585,5,Đánh giá ẩn danh,đẹp như mô tả ,POSITIVE,Tích cực
3,18970583,Tuyệt vời,"chuyên nghiệp, thân thiện. đẹp như mô tả. đóng gói kỹ lưỡng. chất lượng tuyệt vời. giá tốt. ",Tốt,0,2015592585,5,Đánh giá ẩn danh,đóng gói kỹ lưỡng ,POSITIVE,Tích cực
3,18970583,Tuyệt vời,"chuyên nghiệp, thân thiện. đẹp như mô tả. đóng gói kỹ lưỡng. chất lượng tuyệt vời. giá tốt. ",Tốt,0,2015592585,5,Đánh giá ẩn danh,chất lượng tuyệt vời ,POSITIVE,Tích cực
3,18970583,Tuyệt vời,"chuyên nghiệp, thân thiện. đẹp như mô tả. đóng gói kỹ lưỡng. chất lượng tuyệt vời. giá tốt. ",Tốt,0,2015592585,5,Đánh giá ẩn danh,giá tốt ,POSITIVE,Tích cực
4,19294300,Tuyệt vời,đóng gói kỹ lưỡng. ,Tốt,0,2019135767,5,thu hang,đóng gói kỹ lưỡng ,NEUTRAL,Trung tính
9,19104165,Tuyệt vời,"chuyên nghiệp, thân thiện. đẹp như mô tả. đóng gói kỹ lưỡng. giá tốt. ",Tốt,0,2041399921,5,Lê Bền,chuyên nghiệp  thân thiện ,POSITIVE,Tích cực
9,19104165,Tuyệt vời,"chuyên nghiệp, thân thiện. đẹp như mô tả. đóng gói kỹ lưỡng. giá tốt. ",Tốt,0,2041399921,5,Lê Bền,đẹp như mô tả ,POSITIVE,Tích cực
9,19104165,Tuyệt vời,"chuyên nghiệp, thân thiện. đẹp như mô tả. đóng gói kỹ lưỡng. giá tốt. ",Tốt,0,2041399921,5,Lê Bền,đóng gói kỹ lưỡng ,POSITIVE,Tích cực
9,19104165,Tuyệt vời,"chuyên nghiệp, thân thiện. đẹp như mô tả. đóng gói kỹ lưỡng. giá tốt. ",Tốt,0,2041399921,5,Lê Bền,giá tốt ,POSITIVE,Tích cực
10,18952516,Tuyệt vời,chất lượng tuyệt vời. giá tốt. giao hàng nhanh bất ngờ. ,Tốt,0,2020237860,5,Nguyễn Hà,chất lượng tuyệt vời ,POSITIVE,Tích cực
10,18952516,Tuyệt vời,chất lượng tuyệt vời. giá tốt. giao hàng nhanh bất ngờ. ,Tốt,0,2020237860,5,Nguyễn Hà,giá tốt ,POSITIVE,Tích cực
10,18952516,Tuyệt vời,chất lượng tuyệt vời. giá tốt. giao hàng nhanh bất ngờ. ,Tốt,0,2020237860,5,Nguyễn Hà,giao hàng nhanh bất ngờ ,POSITIVE,Tích cực
13,18889392,Tuyệt vời,"chuyên nghiệp, thân thiện. đẹp như mô tả. đóng gói kỹ lưỡng. chất lượng tuyệt vời. giá tốt. giao hàng nhanh bất ngờ. ",Tốt,0,2024861576,5,hiền trần,chuyên nghiệp  thân thiện ,POSITIVE,Tích cực
13,18889392,Tuyệt vời,"chuyên nghiệp, thân thiện. đẹp như mô tả. đóng gói kỹ lưỡng. chất lượng tuyệt vời. giá tốt. giao hàng nhanh bất ngờ. ",Tốt,0,2024861576,5,hiền trần,đẹp như mô tả ,POSITIVE,Tích cực
13,18889392,Tuyệt vời,"chuyên nghiệp, thân thiện. đẹp như mô tả. đóng gói kỹ lưỡng. chất lượng tuyệt vời. giá tốt. giao hàng nhanh bất ngờ. ",Tốt,0,2024861576,5,hiền trần,đóng gói kỹ lưỡng ,POSITIVE,Tích cực
13,18889392,Tuyệt vời,"chuyên nghiệp, thân thiện. đẹp như mô tả. đóng gói kỹ lưỡng. chất lượng tuyệt vời. giá tốt. giao hàng nhanh bất ngờ. ",Tốt,0,2024861576,5,hiền trần,chất lượng tuyệt vời ,POSITIVE,Tích cực
13,18889392,Tuyệt vời,"chuyên nghiệp, thân thiện. đẹp như mô tả. đóng gói kỹ lưỡng. chất lượng tuyệt vời. giá tốt. giao hàng nhanh bất ngờ. ",Tốt,0,2024861576,5,hiền trần,giá tốt ,POSITIVE,Tích cực
13,18889392,Tuyệt vời,"chuyên nghiệp, thân thiện. đẹp như mô tả. đóng gói kỹ lưỡng. chất lượng tuyệt vời. giá tốt. giao hàng nhanh bất ngờ. ",Tốt,0,2024861576,5,hiền trần,giao hàng nhanh bất ngờ ,POSITIVE,Tích cực
14,18888742,Tuyệt vời,"chuyên nghiệp, thân thiện. đẹp như mô tả. đóng gói kỹ lưỡng. giá tốt. ",Tốt,0,2026787581,5,toan Phan Thị,chuyên nghiệp  thân thiện ,POSITIVE,Tích cực
14,18888742,Tuyệt vời,"chuyên nghiệp, thân thiện. đẹp như mô tả. đóng gói kỹ lưỡng. giá tốt. ",Tốt,0,2026787581,5,toan Phan Thị,đẹp như mô tả ,POSITIVE,Tích cực
14,18888742,Tuyệt vời,"chuyên nghiệp, thân thiện. đẹp như mô tả. đóng gói kỹ lưỡng. giá tốt. ",Tốt,0,2026787581,5,toan Phan Thị,đóng gói kỹ lưỡng ,POSITIVE,Tích cực
14,18888742,Tuyệt vời,"chuyên nghiệp, thân thiện. đẹp như mô tả. đóng gói kỹ lưỡng. giá tốt. ",Tốt,0,2026787581,5,toan Phan Thị,giá tốt ,POSITIVE,Tích cực
16,18873039,Tuyệt vời,"chuyên nghiệp, thân thiện. đẹp như mô tả. đóng gói kỹ lưỡng. chất lượng tuyệt vời. giá tốt. giao hàng nhanh bất ngờ. ",Tốt,0,2031541918,5,ngô thư,chuyên nghiệp  thân thiện ,POSITIVE,Tích cực
16,18873039,Tuyệt vời,"chuyên nghiệp, thân thiện. đẹp như mô tả. đóng gói kỹ lưỡng. chất lượng tuyệt vời. giá tốt. giao hàng nhanh bất ngờ. ",Tốt,0,2031541918,5,ngô thư,đẹp như mô tả ,POSITIVE,Tích cực
16,18873039,Tuyệt vời,"chuyên nghiệp, thân thiện. đẹp như mô tả. đóng gói kỹ lưỡng. chất lượng tuyệt vời. giá tốt. giao hàng nhanh bất ngờ. ",Tốt,0,2031541918,5,ngô thư,đóng gói kỹ lưỡng ,POSITIVE,Tích cực
16,18873039,Tuyệt vời,"chuyên nghiệp, thân thiện. đẹp như mô tả. đóng gói kỹ lưỡng. chất lượng tuyệt vời. giá tốt. giao hàng nhanh bất ngờ. ",Tốt,0,2031541918,5,ngô thư,chất lượng tuyệt vời ,POSITIVE,Tích cực
16,18873039,Tuyệt vời,"chuyên nghiệp, thân thiện. đẹp như mô tả. đóng gói kỹ lưỡng. chất lượng tuyệt vời. giá tốt. giao hàng nhanh bất ngờ. ",Tốt,0,2031541918,5,ngô thư,giá tốt ,POSITIVE,Tích cực
16,18873039,Tuyệt vời,"chuyên nghiệp, thân thiện. đẹp như mô tả. đóng gói kỹ lưỡng. chất lượng tuyệt vời. giá tốt. giao hàng nhanh bất ngờ. ",Tốt,0,2031541918,5,ngô thư,giao hàng nhanh bất ngờ ,POSITIVE,Tích cực
18,18848248,Tuyệt vời,đẹp như mô tả. đóng gói kỹ lưỡng. giao hàng nhanh bất ngờ. ,Tốt,1,2028952901,5,Hong Do,đẹp như mô tả ,POSITIVE,Tích cực
18,18848248,Tuyệt vời,đẹp như mô tả. đóng gói kỹ lưỡng. giao hàng nhanh bất ngờ. ,Tốt,1,2028952901,5,Hong Do,đóng gói kỹ lưỡng ,POSITIVE,Tích cực
18,18848248,Tuyệt vời,đẹp như mô tả. đóng gói kỹ lưỡng. giao hàng nhanh bất ngờ. ,Tốt,1,2028952901,5,Hong Do,giao hàng nhanh bất ngờ ,POSITIVE,Tích cực
19,18836150,Tuyệt vời,"chuyên nghiệp, thân thiện. đẹp như mô tả. đóng gói kỹ lưỡng. giá tốt. ",Tốt,0,2034701011,5,LOAN NGUYỄN,chuyên nghiệp  thân thiện ,POSITIVE,Tích cực
19,18836150,Tuyệt vời,"chuyên nghiệp, thân thiện. đẹp như mô tả. đóng gói kỹ lưỡng. giá tốt. ",Tốt,0,2034701011,5,LOAN NGUYỄN,đẹp như mô tả ,POSITIVE,Tích cực
19,18836150,Tuyệt vời,"chuyên nghiệp, thân thiện. đẹp như mô tả. đóng gói kỹ lưỡng. giá tốt. ",Tốt,0,2034701011,5,LOAN NGUYỄN,đóng gói kỹ lưỡng ,POSITIVE,Tích cực
19,18836150,Tuyệt vời,"chuyên nghiệp, thân thiện. đẹp như mô tả. đóng gói kỹ lưỡng. giá tốt. ",Tốt,0,2034701011,5,LOAN NGUYỄN,giá tốt ,POSITIVE,Tích cực
20,18801279,Tuyệt vời,chất lượng tuyệt vời. ,Tốt,0,2019904676,5,bui tien giang,chất lượng tuyệt vời ,POSITIVE,Tích cực
21,18799988,Tuyệt vời,mới sử dụng nên chưa thể đánh giá ,Tốt,0,2022499326,5,Chi Nguyễn,mới sử dụng nên chưa thể đánh giá,NEUTRAL,Trung tính
22,18791244,Tuyệt vời,gói cẩn thận chưa sử dung chưa biêt,Tốt,1,2039435423,5,nguyen quyen,gói cẩn thận chưa sử dung chưa biêt,NEGATIVE,Tích cực
25,18761789,Tuyệt vời,đẹp như mô tả. giao hàng nhanh bất ngờ. ,Tốt,0,2019904676,5,bui tien giang,đẹp như mô tả ,POSITIVE,Tích cực
25,18761789,Tuyệt vời,đẹp như mô tả. giao hàng nhanh bất ngờ. ,Tốt,0,2019904676,5,bui tien giang,giao hàng nhanh bất ngờ ,POSITIVE,Tích cực
26,18742334,Tuyệt vời,đẹp như mô tả. ,Tốt,0,2040293058,5,Tống thị thoại vy,đẹp như mô tả ,POSITIVE,Tích cực
27,18741642,Tuyệt vời,"chuyên nghiệp, thân thiện. đẹp như mô tả. đóng gói kỹ lưỡng. chất lượng tuyệt vời. giá tốt. giao hàng nhanh bất ngờ. ",Tốt,0,2019677113,5,thuy thuy,chuyên nghiệp  thân thiện ,POSITIVE,Tích cực
27,18741642,Tuyệt vời,"chuyên nghiệp, thân thiện. đẹp như mô tả. đóng gói kỹ lưỡng. chất lượng tuyệt vời. giá tốt. giao hàng nhanh bất ngờ. ",Tốt,0,2019677113,5,thuy thuy,đẹp như mô tả ,POSITIVE,Tích cực
27,18741642,Tuyệt vời,"chuyên nghiệp, thân thiện. đẹp như mô tả. đóng gói kỹ lưỡng. chất lượng tuyệt vời. giá tốt. giao hàng nhanh bất ngờ. ",Tốt,0,2019677113,5,thuy thuy,đóng gói kỹ lưỡng ,POSITIVE,Tích cực
27,18741642,Tuyệt vời,"chuyên nghiệp, thân thiện. đẹp như mô tả. đóng gói kỹ lưỡng. chất lượng tuyệt vời. giá tốt. giao hàng nhanh bất ngờ. ",Tốt,0,2019677113,5,thuy thuy,chất lượng tuyệt vời ,POSITIVE,Tích cực
27,18741642,Tuyệt vời,"chuyên nghiệp, thân thiện. đẹp như mô tả. đóng gói kỹ lưỡng. chất lượng tuyệt vời. giá tốt. giao hàng nhanh bất ngờ. ",Tốt,0,2019677113,5,thuy thuy,giá tốt ,POSITIVE,Tích cực
27,18741642,Tuyệt vời,"chuyên nghiệp, thân thiện. đẹp như mô tả. đóng gói kỹ lưỡng. chất lượng tuyệt vời. giá tốt. giao hàng nhanh bất ngờ. ",Tốt,0,2019677113,5,thuy thuy,giao hàng nhanh bất ngờ ,POSITIVE,Tích cực
28,18741342,Tuyệt vời,đẹp như mô tả. ,Tốt,0,2025488301,5,Tinh Hoc,đẹp như mô tả ,POSITIVE,Tích cực
29,18730916,Tuyệt vời,đẹp như mô tả. ,Tốt,0,2026535202,5,Ngô Hiền,đẹp như mô tả ,POSITIVE,Tích cực
30,18730842,Hài lòng,chuyên nghiệp. đóng gói kỹ. ,Tốt,0,2021147439,4,hường đặng thị,chuyên nghiệp ,NEUTRAL,Trung tính
30,18730842,Hài lòng,chuyên nghiệp. đóng gói kỹ. ,Tốt,0,2021147439,4,hường đặng thị,đóng gói kỹ ,NEUTRAL,Trung tính
32,18722573,Tuyệt vời,"đóng gói kỹ lưỡng. giao hàng nhanh bất ngờ. chuyên nghiệp, thân thiện. ",Tốt,0,2038508203,5,Nguyễn Quế Anh,đóng gói kỹ lưỡng ,NEUTRAL,Tích cực
32,18722573,Tuyệt vời,"đóng gói kỹ lưỡng. giao hàng nhanh bất ngờ. chuyên nghiệp, thân thiện. ",Tốt,0,2038508203,5,Nguyễn Quế Anh,giao hàng nhanh bất ngờ ,NEUTRAL,Tích cực
32,18722573,Tuyệt vời,"đóng gói kỹ lưỡng. giao hàng nhanh bất ngờ. chuyên nghiệp, thân thiện. ",Tốt,0,2038508203,5,Nguyễn Quế Anh,chuyên nghiệp  thân thiện ,NEUTRAL,Tích cực
34,18688453,Tuyệt vời,chưa sử dụng nhưng rất hài lòng với nhà cung cấp,Tốt,1,2027604918,5,nguyen thi hải,chưa sử dụng nhưng rất hài lòng với nhà cung cấp,POSITIVE,Tích cực
35,18686820,Tuyệt vời,"chuyên nghiệp, thân thiện. đẹp như mô tả. ",Tốt,0,2014617954,5,Giang ngan thao,chuyên nghiệp  thân thiện ,POSITIVE,Tích cực
35,18686820,Tuyệt vời,"chuyên nghiệp, thân thiện. đẹp như mô tả. ",Tốt,0,2014617954,5,Giang ngan thao,đẹp như mô tả ,POSITIVE,Tích cực
36,18685717,Tạm hài lòng,giao hàng tạm ổn. ,Bình thường,0,2014729623,3,hồng lê,giao hàng tạm ổn ,NEUTRAL,Trung tính
37,18676162,Tuyệt vời,"chuyên nghiệp, thân thiện. ",Tốt,0,2041104203,5,đỗ thị dung,chuyên nghiệp  thân thiện ,NEUTRAL,Tích cực
38,18654822,Tuyệt vời,"chuyên nghiệp, thân thiện. đẹp như mô tả. đóng gói kỹ lưỡng. giá tốt. giao hàng nhanh bất ngờ. ",Tốt,1,2036124960,5,tran van ho,chuyên nghiệp  thân thiện ,POSITIVE,Tích cực
38,18654822,Tuyệt vời,"chuyên nghiệp, thân thiện. đẹp như mô tả. đóng gói kỹ lưỡng. giá tốt. giao hàng nhanh bất ngờ. ",Tốt,1,2036124960,5,tran van ho,đẹp như mô tả ,POSITIVE,Tích cực
38,18654822,Tuyệt vời,"chuyên nghiệp, thân thiện. đẹp như mô tả. đóng gói kỹ lưỡng. giá tốt. giao hàng nhanh bất ngờ. ",Tốt,1,2036124960,5,tran van ho,đóng gói kỹ lưỡng ,POSITIVE,Tích cực
38,18654822,Tuyệt vời,"chuyên nghiệp, thân thiện. đẹp như mô tả. đóng gói kỹ lưỡng. giá tốt. giao hàng nhanh bất ngờ. ",Tốt,1,2036124960,5,tran van ho,giá tốt ,POSITIVE,Tích cực
38,18654822,Tuyệt vời,"chuyên nghiệp, thân thiện. đẹp như mô tả. đóng gói kỹ lưỡng. giá tốt. giao hàng nhanh bất ngờ. ",Tốt,1,2036124960,5,tran van ho,giao hàng nhanh bất ngờ ,POSITIVE,Tích cực
39,18614891,Tuyệt vời,giá tốt. ,Tốt,0,2040459135,5,Phạm Thị Nương,giá tốt ,POSITIVE,Trung tính
40,18597866,Tuyệt vời,giá tốt. ,Tốt,1,2037648616,5,nguyên thị hiền,giá tốt ,POSITIVE,Trung tính
41,18555689,Tuyệt vời,"sop thân thiện, nhiệt tình, mình đangsài kết quả mình sẽ nói sau ",Tốt,3,2040907836,5,Nguyễn Thị Mỹ Linh,sop thân thiện  nhiệt tình  mình đangsài kết quả mình sẽ nói sau,NEUTRAL,Tích cực
43,18438181,Tuyệt vời,"chuyên nghiệp, thân thiện. đẹp như mô tả. đóng gói kỹ lưỡng. chất lượng tuyệt vời. giá tốt. ",Tốt,1,2025980823,5,sen nguyễn thị kim,chuyên nghiệp  thân thiện ,POSITIVE,Tích cực
43,18438181,Tuyệt vời,"chuyên nghiệp, thân thiện. đẹp như mô tả. đóng gói kỹ lưỡng. chất lượng tuyệt vời. giá tốt. ",Tốt,1,2025980823,5,sen nguyễn thị kim,đẹp như mô tả ,POSITIVE,Tích cực
43,18438181,Tuyệt vời,"chuyên nghiệp, thân thiện. đẹp như mô tả. đóng gói kỹ lưỡng. chất lượng tuyệt vời. giá tốt. ",Tốt,1,2025980823,5,sen nguyễn thị kim,đóng gói kỹ lưỡng ,POSITIVE,Tích cực
43,18438181,Tuyệt vời,"chuyên nghiệp, thân thiện. đẹp như mô tả. đóng gói kỹ lưỡng. chất lượng tuyệt vời. giá tốt. ",Tốt,1,2025980823,5,sen nguyễn thị kim,chất lượng tuyệt vời ,POSITIVE,Tích cực
43,18438181,Tuyệt vời,"chuyên nghiệp, thân thiện. đẹp như mô tả. đóng gói kỹ lưỡng. chất lượng tuyệt vời. giá tốt. ",Tốt,1,2025980823,5,sen nguyễn thị kim,giá tốt ,POSITIVE,Tích cực
44,18411659,Tuyệt vời,"chuyên nghiệp, thân thiện. đẹp như mô tả. đóng gói kỹ lưỡng. chất lượng tuyệt vời. giá tốt. giao hàng nhanh bất ngờ. ",Tốt,1,2037920092,5,Bup Nguyen,chuyên nghiệp  thân thiện ,POSITIVE,Tích cực
44,18411659,Tuyệt vời,"chuyên nghiệp, thân thiện. đẹp như mô tả. đóng gói kỹ lưỡng. chất lượng tuyệt vời. giá tốt. giao hàng nhanh bất ngờ. ",Tốt,1,2037920092,5,Bup Nguyen,đẹp như mô tả ,POSITIVE,Tích cực
44,18411659,Tuyệt vời,"chuyên nghiệp, thân thiện. đẹp như mô tả. đóng gói kỹ lưỡng. chất lượng tuyệt vời. giá tốt. giao hàng nhanh bất ngờ. ",Tốt,1,2037920092,5,Bup Nguyen,đóng gói kỹ lưỡng ,POSITIVE,Tích cực
44,18411659,Tuyệt vời,"chuyên nghiệp, thân thiện. đẹp như mô tả. đóng gói kỹ lưỡng. chất lượng tuyệt vời. giá tốt. giao hàng nhanh bất ngờ. ",Tốt,1,2037920092,5,Bup Nguyen,chất lượng tuyệt vời ,POSITIVE,Tích cực
44,18411659,Tuyệt vời,"chuyên nghiệp, thân thiện. đẹp như mô tả. đóng gói kỹ lưỡng. chất lượng tuyệt vời. giá tốt. giao hàng nhanh bất ngờ. ",Tốt,1,2037920092,5,Bup Nguyen,giá tốt ,POSITIVE,Tích cực
44,18411659,Tuyệt vời,"chuyên nghiệp, thân thiện. đẹp như mô tả. đóng gói kỹ lưỡng. chất lượng tuyệt vời. giá tốt. giao hàng nhanh bất ngờ. ",Tốt,1,2037920092,5,Bup Nguyen,giao hàng nhanh bất ngờ ,POSITIVE,Tích cực
45,18401520,Tuyệt vời,đóng gói kỹ lưỡng. giao hàng nhanh bất ngờ. ,Tốt,1,2034155303,5,Hồng Nghiêm,đóng gói kỹ lưỡng ,NEGATIVE,Tích cực
45,18401520,Tuyệt vời,đóng gói kỹ lưỡng. giao hàng nhanh bất ngờ. ,Tốt,1,2034155303,5,Hồng Nghiêm,giao hàng nhanh bất ngờ ,NEGATIVE,Tích cực
46,18397248,Tuyệt vời,đẹp như mô tả. đóng gói kỹ lưỡng. giá tốt. ,Tốt,1,2033877711,5,maiphuong,đẹp như mô tả ,POSITIVE,Tích cực
46,18397248,Tuyệt vời,đẹp như mô tả. đóng gói kỹ lưỡng. giá tốt. ,Tốt,1,2033877711,5,maiphuong,đóng gói kỹ lưỡng ,POSITIVE,Tích cực
46,18397248,Tuyệt vời,đẹp như mô tả. đóng gói kỹ lưỡng. giá tốt. ,Tốt,1,2033877711,5,maiphuong,giá tốt ,POSITIVE,Tích cực
48,18388646,Tuyệt vời,sản phẩm/dịch vụ giống mô tả và tốt hơn mong đợi. gửi sản phẩm/vé dịch vụ nhanh. ,Tốt,1,2031546683,5,uyên Bùi thị thu,sản phẩm  dịch vụ giống mô tả và tốt hơn mong đợi ,POSITIVE,Tiêu cực
48,18388646,Tuyệt vời,sản phẩm/dịch vụ giống mô tả và tốt hơn mong đợi. gửi sản phẩm/vé dịch vụ nhanh. ,Tốt,1,2031546683,5,uyên Bùi thị thu,gửi sản phẩm  vé dịch vụ nhanh ,POSITIVE,Tiêu cực
49,18379242,Tuyệt vời,"chuyên nghiệp, thân thiện. đẹp như mô tả. giao hàng nhanh bất ngờ. ",Tốt,1,2034155303,5,Hồng Nghiêm,chuyên nghiệp  thân thiện ,POSITIVE,Tích cực
49,18379242,Tuyệt vời,"chuyên nghiệp, thân thiện. đẹp như mô tả. giao hàng nhanh bất ngờ. ",Tốt,1,2034155303,5,Hồng Nghiêm,đẹp như mô tả ,POSITIVE,Tích cực
49,18379242,Tuyệt vời,"chuyên nghiệp, thân thiện. đẹp như mô tả. giao hàng nhanh bất ngờ. ",Tốt,1,2034155303,5,Hồng Nghiêm,giao hàng nhanh bất ngờ ,POSITIVE,Tích cực
50,18362248,Tuyệt vời,"chuyên nghiệp, thân thiện. đẹp như mô tả. đóng gói kỹ lưỡng. chất lượng tuyệt vời. giá tốt. giao hàng nhanh bất ngờ. ",Tốt,1,2018197613,5,Đỗ linh,chuyên nghiệp  thân thiện ,POSITIVE,Tích cực
50,18362248,Tuyệt vời,"chuyên nghiệp, thân thiện. đẹp như mô tả. đóng gói kỹ lưỡng. chất lượng tuyệt vời. giá tốt. giao hàng nhanh bất ngờ. ",Tốt,1,2018197613,5,Đỗ linh,đẹp như mô tả ,POSITIVE,Tích cực
50,18362248,Tuyệt vời,"chuyên nghiệp, thân thiện. đẹp như mô tả. đóng gói kỹ lưỡng. chất lượng tuyệt vời. giá tốt. giao hàng nhanh bất ngờ. ",Tốt,1,2018197613,5,Đỗ linh,đóng gói kỹ lưỡng ,POSITIVE,Tích cực
50,18362248,Tuyệt vời,"chuyên nghiệp, thân thiện. đẹp như mô tả. đóng gói kỹ lưỡng. chất lượng tuyệt vời. giá tốt. giao hàng nhanh bất ngờ. ",Tốt,1,2018197613,5,Đỗ linh,chất lượng tuyệt vời ,POSITIVE,Tích cực
50,18362248,Tuyệt vời,"chuyên nghiệp, thân thiện. đẹp như mô tả. đóng gói kỹ lưỡng. chất lượng tuyệt vời. giá tốt. giao hàng nhanh bất ngờ. ",Tốt,1,2018197613,5,Đỗ linh,giá tốt ,POSITIVE,Tích cực
50,18362248,Tuyệt vời,"chuyên nghiệp, thân thiện. đẹp như mô tả. đóng gói kỹ lưỡng. chất lượng tuyệt vời. giá tốt. giao hàng nhanh bất ngờ. ",Tốt,1,2018197613,5,Đỗ linh,giao hàng nhanh bất ngờ ,POSITIVE,Tích cực
51,18359991,Tuyệt vời,"chuyên nghiệp, thân thiện. đóng gói kỹ lưỡng. giá tốt. ",Tốt,1,2040658518,5,phan thu,chuyên nghiệp  thân thiện ,NEUTRAL,Tích cực
51,18359991,Tuyệt vời,"chuyên nghiệp, thân thiện. đóng gói kỹ lưỡng. giá tốt. ",Tốt,1,2040658518,5,phan thu,đóng gói kỹ lưỡng ,NEUTRAL,Tích cực
51,18359991,Tuyệt vời,"chuyên nghiệp, thân thiện. đóng gói kỹ lưỡng. giá tốt. ",Tốt,1,2040658518,5,phan thu,giá tốt ,NEUTRAL,Tích cực
52,18358107,Tuyệt vời,"chuyên nghiệp, thân thiện. đẹp như mô tả. đóng gói kỹ lưỡng. giao hàng nhanh bất ngờ. giao hàng nhanh chóng chăm sóc chất lượng cũng rất chu đáo",Tốt,1,2015949648,5,cùi bắp,chuyên nghiệp  thân thiện ,POSITIVE,Tích cực
52,18358107,Tuyệt vời,"chuyên nghiệp, thân thiện. đẹp như mô tả. đóng gói kỹ lưỡng. giao hàng nhanh bất ngờ. giao hàng nhanh chóng chăm sóc chất lượng cũng rất chu đáo",Tốt,1,2015949648,5,cùi bắp,đẹp như mô tả ,POSITIVE,Tích cực
52,18358107,Tuyệt vời,"chuyên nghiệp, thân thiện. đẹp như mô tả. đóng gói kỹ lưỡng. giao hàng nhanh bất ngờ. giao hàng nhanh chóng chăm sóc chất lượng cũng rất chu đáo",Tốt,1,2015949648,5,cùi bắp,đóng gói kỹ lưỡng ,POSITIVE,Tích cực
52,18358107,Tuyệt vời,"chuyên nghiệp, thân thiện. đẹp như mô tả. đóng gói kỹ lưỡng. giao hàng nhanh bất ngờ. giao hàng nhanh chóng chăm sóc chất lượng cũng rất chu đáo",Tốt,1,2015949648,5,cùi bắp,giao hàng nhanh bất ngờ ,POSITIVE,Tích cực
52,18358107,Tuyệt vời,"chuyên nghiệp, thân thiện. đẹp như mô tả. đóng gói kỹ lưỡng. giao hàng nhanh bất ngờ. giao hàng nhanh chóng chăm sóc chất lượng cũng rất chu đáo",Tốt,1,2015949648,5,cùi bắp,giao hàng nhanh chóng chăm sóc chất lượng cũng rất chu đáo,POSITIVE,Tích cực
