﻿,id,title,comment,default_sentiment,like_count,customer_id,rating_star,customer_name,tokenized_comment,underthesea_sentiment,phobert_sentiment_score
0,19269257,Chưa hài lòng,"chất lượng cần tốt hơn. ưu điểm  chất vải đẹp, shop tư vẫn nhiệt tình, có quà tặng từ shop. nhược điểm  đường kim may sấu, bị lịch fom.",Xấu,0,2038165369,2,Lai Van Tho,chất lượng cần tốt hơn ,POSITIVE,Tích cực
0,19269257,Chưa hài lòng,"chất lượng cần tốt hơn. ưu điểm  chất vải đẹp, shop tư vẫn nhiệt tình, có quà tặng từ shop. nhược điểm  đường kim may sấu, bị lịch fom.",Xấu,0,2038165369,2,Lai Van Tho,ưu điểm chất vải đẹp  shop tư vẫn nhiệt tình  có quà tặng từ shop ,POSITIVE,Tích cực
0,19269257,Chưa hài lòng,"chất lượng cần tốt hơn. ưu điểm  chất vải đẹp, shop tư vẫn nhiệt tình, có quà tặng từ shop. nhược điểm  đường kim may sấu, bị lịch fom.",Xấu,0,2038165369,2,Lai Van Tho,nhược điểm đường kim may sấu  bị lịch fom ,POSITIVE,Tích cực
1,19140765,Tuyệt vời,quan soon như đầu ***,Tốt,0,2039736188,5,cù huy hà vü,quan soon như đầu   ,NEUTRAL,Trung tính
2,19077872,Tuyệt vời,"chuyên nghiệp, thân thiện. đẹp như mô tả. đóng gói kỹ lưỡng. chất lượng tuyệt vời. giá tốt. quần giống như hình nhưng hơi mỏng ",Tốt,0,2041238294,5,Ngô Thuý Anh,chuyên nghiệp  thân thiện ,POSITIVE,Tích cực
2,19077872,Tuyệt vời,"chuyên nghiệp, thân thiện. đẹp như mô tả. đóng gói kỹ lưỡng. chất lượng tuyệt vời. giá tốt. quần giống như hình nhưng hơi mỏng ",Tốt,0,2041238294,5,Ngô Thuý Anh,đẹp như mô tả ,POSITIVE,Tích cực
2,19077872,Tuyệt vời,"chuyên nghiệp, thân thiện. đẹp như mô tả. đóng gói kỹ lưỡng. chất lượng tuyệt vời. giá tốt. quần giống như hình nhưng hơi mỏng ",Tốt,0,2041238294,5,Ngô Thuý Anh,đóng gói kỹ lưỡng ,POSITIVE,Tích cực
2,19077872,Tuyệt vời,"chuyên nghiệp, thân thiện. đẹp như mô tả. đóng gói kỹ lưỡng. chất lượng tuyệt vời. giá tốt. quần giống như hình nhưng hơi mỏng ",Tốt,0,2041238294,5,Ngô Thuý Anh,chất lượng tuyệt vời ,POSITIVE,Tích cực
2,19077872,Tuyệt vời,"chuyên nghiệp, thân thiện. đẹp như mô tả. đóng gói kỹ lưỡng. chất lượng tuyệt vời. giá tốt. quần giống như hình nhưng hơi mỏng ",Tốt,0,2041238294,5,Ngô Thuý Anh,giá tốt ,POSITIVE,Tích cực
2,19077872,Tuyệt vời,"chuyên nghiệp, thân thiện. đẹp như mô tả. đóng gói kỹ lưỡng. chất lượng tuyệt vời. giá tốt. quần giống như hình nhưng hơi mỏng ",Tốt,0,2041238294,5,Ngô Thuý Anh,quần giống như hình nhưng hơi mỏng,POSITIVE,Tích cực
3,19053070,Tuyệt vời,"chuyên nghiệp, thân thiện. đẹp như mô tả. mỏng mát, đúng phòng cách hàn quốc. ",Tốt,0,2023804551,5,Thanh Tran Duy,chuyên nghiệp  thân thiện ,NEUTRAL,Tích cực
3,19053070,Tuyệt vời,"chuyên nghiệp, thân thiện. đẹp như mô tả. mỏng mát, đúng phòng cách hàn quốc. ",Tốt,0,2023804551,5,Thanh Tran Duy,đẹp như mô tả ,NEUTRAL,Tích cực
3,19053070,Tuyệt vời,"chuyên nghiệp, thân thiện. đẹp như mô tả. mỏng mát, đúng phòng cách hàn quốc. ",Tốt,0,2023804551,5,Thanh Tran Duy,mỏng mát  đúng phòng cách hàn quốc ,NEUTRAL,Tích cực
4,18966072,Tạm hài lòng,mỏng tạm được ,Bình thường,0,2041266488,3,Nguyễn Thị Kim Hoa,mỏng tạm được,NEUTRAL,Trung tính
5,18928398,Tuyệt vời,đẹp như mô tả. đóng gói kỹ lưỡng. chất lượng tuyệt vời. giá tốt. ,Tốt,0,2013627440,5,Trần Tùng,đẹp như mô tả ,POSITIVE,Tích cực
5,18928398,Tuyệt vời,đẹp như mô tả. đóng gói kỹ lưỡng. chất lượng tuyệt vời. giá tốt. ,Tốt,0,2013627440,5,Trần Tùng,đóng gói kỹ lưỡng ,POSITIVE,Tích cực
5,18928398,Tuyệt vời,đẹp như mô tả. đóng gói kỹ lưỡng. chất lượng tuyệt vời. giá tốt. ,Tốt,0,2013627440,5,Trần Tùng,chất lượng tuyệt vời ,POSITIVE,Tích cực
5,18928398,Tuyệt vời,đẹp như mô tả. đóng gói kỹ lưỡng. chất lượng tuyệt vời. giá tốt. ,Tốt,0,2013627440,5,Trần Tùng,giá tốt ,POSITIVE,Tích cực
6,18864467,Tạm hài lòng,"chất lượng ổn. 1 quần có túi sau , sao 1 quần không túi sau ( xám có ghi không) cần xem lại   ",Bình thường,2,2017619355,3,Phan Thanh Hoàng,chất lượng ổn ,NEUTRAL,Tiêu cực
6,18864467,Tạm hài lòng,"chất lượng ổn. 1 quần có túi sau , sao 1 quần không túi sau ( xám có ghi không) cần xem lại   ",Bình thường,2,2017619355,3,Phan Thanh Hoàng,1 quần có túi sau  sao 1 quần không túi sau  xám có ghi không  cần xem lại,NEUTRAL,Tiêu cực
7,18551076,Tuyệt vời,"quá tuyệt vời,thung lưng co giản tốt,chất vải thì nhẹ nhàng,mặc vào cảm giác mát mẻ.ok lắm.cảm thấy hài lòng tuy giao hàng hơi lâu.",Tốt,0,2027962395,5,Huỳnh Minh Văn,quá tuyệt vời  thung lưng co giản tốt  chất vải thì nhẹ nhàng  mặc vào cảm giác mát mẻ  ok lắm  cảm thấy hài lòng tuy giao hàng hơi lâu ,POSITIVE,Tích cực
9,19184959,Tuyệt vời,đẹp như mô tả. ,Tốt,0,2041897665,5,HUONGSONG,đẹp như mô tả ,POSITIVE,Tích cực
10,19181630,Tuyệt vời,đẹp như mô tả. ,Tốt,0,2015752654,5,hoang ngoc trung,đẹp như mô tả ,POSITIVE,Tích cực
12,19177944,Tuyệt vời,đẹp như mô tả. ,Tốt,0,2037572067,5,Quỳnh cơ quỳnh,đẹp như mô tả ,POSITIVE,Tích cực
13,19176685,Tuyệt vời,"chuyên nghiệp, thân thiện. đẹp như mô tả. đóng gói kỹ lưỡng. chất lượng tuyệt vời. ",Tốt,0,2038754985,5,Trần Huy Hiện,chuyên nghiệp  thân thiện ,POSITIVE,Tích cực
13,19176685,Tuyệt vời,"chuyên nghiệp, thân thiện. đẹp như mô tả. đóng gói kỹ lưỡng. chất lượng tuyệt vời. ",Tốt,0,2038754985,5,Trần Huy Hiện,đẹp như mô tả ,POSITIVE,Tích cực
13,19176685,Tuyệt vời,"chuyên nghiệp, thân thiện. đẹp như mô tả. đóng gói kỹ lưỡng. chất lượng tuyệt vời. ",Tốt,0,2038754985,5,Trần Huy Hiện,đóng gói kỹ lưỡng ,POSITIVE,Tích cực
13,19176685,Tuyệt vời,"chuyên nghiệp, thân thiện. đẹp như mô tả. đóng gói kỹ lưỡng. chất lượng tuyệt vời. ",Tốt,0,2038754985,5,Trần Huy Hiện,chất lượng tuyệt vời ,POSITIVE,Tích cực
17,19092497,Tuyệt vời,ko đẹp ,Tốt,0,2041637668,5,Nguyễn Thanh Vân,ko đẹp,POSITIVE,Tiêu cực
20,19086305,Tuyệt vời,"chuyên nghiệp, thân thiện. đẹp như mô tả. đóng gói kỹ lưỡng. giá tốt. giao hàng nhanh bất ngờ. ",Tốt,0,2026852541,5,phamvan,chuyên nghiệp  thân thiện ,POSITIVE,Tích cực
20,19086305,Tuyệt vời,"chuyên nghiệp, thân thiện. đẹp như mô tả. đóng gói kỹ lưỡng. giá tốt. giao hàng nhanh bất ngờ. ",Tốt,0,2026852541,5,phamvan,đẹp như mô tả ,POSITIVE,Tích cực
20,19086305,Tuyệt vời,"chuyên nghiệp, thân thiện. đẹp như mô tả. đóng gói kỹ lưỡng. giá tốt. giao hàng nhanh bất ngờ. ",Tốt,0,2026852541,5,phamvan,đóng gói kỹ lưỡng ,POSITIVE,Tích cực
20,19086305,Tuyệt vời,"chuyên nghiệp, thân thiện. đẹp như mô tả. đóng gói kỹ lưỡng. giá tốt. giao hàng nhanh bất ngờ. ",Tốt,0,2026852541,5,phamvan,giá tốt ,POSITIVE,Tích cực
20,19086305,Tuyệt vời,"chuyên nghiệp, thân thiện. đẹp như mô tả. đóng gói kỹ lưỡng. giá tốt. giao hàng nhanh bất ngờ. ",Tốt,0,2026852541,5,phamvan,giao hàng nhanh bất ngờ ,POSITIVE,Tích cực
23,19079173,Không hài lòng,vê lam ge nhắc nồi,Xấu,0,2019141703,1,thế nguyễn văn,vê lam ge nhắc nồi,NEUTRAL,Trung tính
25,19078623,Tuyệt vời,"chuyên nghiệp, thân thiện. chất lượng tuyệt vời. ",Tốt,0,2040960939,5,Đánh giá ẩn danh,chuyên nghiệp  thân thiện ,POSITIVE,Tích cực
25,19078623,Tuyệt vời,"chuyên nghiệp, thân thiện. chất lượng tuyệt vời. ",Tốt,0,2040960939,5,Đánh giá ẩn danh,chất lượng tuyệt vời ,POSITIVE,Tích cực
27,19067998,Tuyệt vời,"chuyên nghiệp, thân thiện. chất lượng tuyệt vời. giá tốt. giao hàng nhanh bất ngờ. ",Tốt,0,2039219384,5,Nguyễn Văn Vĩnh,chuyên nghiệp  thân thiện ,POSITIVE,Tích cực
27,19067998,Tuyệt vời,"chuyên nghiệp, thân thiện. chất lượng tuyệt vời. giá tốt. giao hàng nhanh bất ngờ. ",Tốt,0,2039219384,5,Nguyễn Văn Vĩnh,chất lượng tuyệt vời ,POSITIVE,Tích cực
27,19067998,Tuyệt vời,"chuyên nghiệp, thân thiện. chất lượng tuyệt vời. giá tốt. giao hàng nhanh bất ngờ. ",Tốt,0,2039219384,5,Nguyễn Văn Vĩnh,giá tốt ,POSITIVE,Tích cực
27,19067998,Tuyệt vời,"chuyên nghiệp, thân thiện. chất lượng tuyệt vời. giá tốt. giao hàng nhanh bất ngờ. ",Tốt,0,2039219384,5,Nguyễn Văn Vĩnh,giao hàng nhanh bất ngờ ,POSITIVE,Tích cực
29,19062651,Tuyệt vời,đẹp như mô tả. đóng gói kỹ lưỡng. chất lượng tuyệt vời. giao hàng nhanh bất ngờ. ,Tốt,0,2040457316,5,0*** ,đẹp như mô tả ,POSITIVE,Tích cực
29,19062651,Tuyệt vời,đẹp như mô tả. đóng gói kỹ lưỡng. chất lượng tuyệt vời. giao hàng nhanh bất ngờ. ,Tốt,0,2040457316,5,0*** ,đóng gói kỹ lưỡng ,POSITIVE,Tích cực
29,19062651,Tuyệt vời,đẹp như mô tả. đóng gói kỹ lưỡng. chất lượng tuyệt vời. giao hàng nhanh bất ngờ. ,Tốt,0,2040457316,5,0*** ,chất lượng tuyệt vời ,POSITIVE,Tích cực
29,19062651,Tuyệt vời,đẹp như mô tả. đóng gói kỹ lưỡng. chất lượng tuyệt vời. giao hàng nhanh bất ngờ. ,Tốt,0,2040457316,5,0*** ,giao hàng nhanh bất ngờ ,POSITIVE,Tích cực
30,19045569,Không hài lòng,vải mỏng quá ,Xấu,0,2036854812,1,Nguyễn thị thu thảo,vải mỏng quá,NEGATIVE,Tiêu cực
32,19036451,Tạm hài lòng,đóng gói kỹ. ,Bình thường,0,2028216718,3,nguyễn tiến đông,đóng gói kỹ ,NEUTRAL,Trung tính
34,19019540,Tuyệt vời,"chuyên nghiệp, thân thiện. ",Tốt,0,2027902634,5,banhdangchilong,chuyên nghiệp  thân thiện ,NEUTRAL,Tích cực
35,19018770,Tuyệt vời,"chuyên nghiệp, thân thiện. đẹp như mô tả. đóng gói kỹ lưỡng. chất lượng tuyệt vời. giá tốt. giao hàng nhanh bất ngờ. ",Tốt,0,2041345539,5,Lâm Thuận,chuyên nghiệp  thân thiện ,POSITIVE,Tích cực
35,19018770,Tuyệt vời,"chuyên nghiệp, thân thiện. đẹp như mô tả. đóng gói kỹ lưỡng. chất lượng tuyệt vời. giá tốt. giao hàng nhanh bất ngờ. ",Tốt,0,2041345539,5,Lâm Thuận,đẹp như mô tả ,POSITIVE,Tích cực
35,19018770,Tuyệt vời,"chuyên nghiệp, thân thiện. đẹp như mô tả. đóng gói kỹ lưỡng. chất lượng tuyệt vời. giá tốt. giao hàng nhanh bất ngờ. ",Tốt,0,2041345539,5,Lâm Thuận,đóng gói kỹ lưỡng ,POSITIVE,Tích cực
35,19018770,Tuyệt vời,"chuyên nghiệp, thân thiện. đẹp như mô tả. đóng gói kỹ lưỡng. chất lượng tuyệt vời. giá tốt. giao hàng nhanh bất ngờ. ",Tốt,0,2041345539,5,Lâm Thuận,chất lượng tuyệt vời ,POSITIVE,Tích cực
35,19018770,Tuyệt vời,"chuyên nghiệp, thân thiện. đẹp như mô tả. đóng gói kỹ lưỡng. chất lượng tuyệt vời. giá tốt. giao hàng nhanh bất ngờ. ",Tốt,0,2041345539,5,Lâm Thuận,giá tốt ,POSITIVE,Tích cực
35,19018770,Tuyệt vời,"chuyên nghiệp, thân thiện. đẹp như mô tả. đóng gói kỹ lưỡng. chất lượng tuyệt vời. giá tốt. giao hàng nhanh bất ngờ. ",Tốt,0,2041345539,5,Lâm Thuận,giao hàng nhanh bất ngờ ,POSITIVE,Tích cực
37,19011309,Không hài lòng,cần đúng với mô tả. shop cần thân thiện hơn. giao hàng tào lao,Xấu,0,2019346499,1,PHÚ QUÍ (Mầm Non Gà Con ),cần đúng với mô tả ,NEUTRAL,Tiêu cực
37,19011309,Không hài lòng,cần đúng với mô tả. shop cần thân thiện hơn. giao hàng tào lao,Xấu,0,2019346499,1,PHÚ QUÍ (Mầm Non Gà Con ),shop cần thân thiện hơn ,NEUTRAL,Tiêu cực
37,19011309,Không hài lòng,cần đúng với mô tả. shop cần thân thiện hơn. giao hàng tào lao,Xấu,0,2019346499,1,PHÚ QUÍ (Mầm Non Gà Con ),giao hàng tào lao,NEUTRAL,Tiêu cực
38,19009344,Tuyệt vời,"chuyên nghiệp, thân thiện. ",Tốt,0,2040056470,5,Anh Duong,chuyên nghiệp  thân thiện ,NEUTRAL,Tích cực
40,19006942,Tuyệt vời,chất lượng tuyệt vời. giá tốt. giao hàng nhanh bất ngờ. ,Tốt,0,2039219384,5,Nguyễn Văn Vĩnh,chất lượng tuyệt vời ,POSITIVE,Tích cực
40,19006942,Tuyệt vời,chất lượng tuyệt vời. giá tốt. giao hàng nhanh bất ngờ. ,Tốt,0,2039219384,5,Nguyễn Văn Vĩnh,giá tốt ,POSITIVE,Tích cực
40,19006942,Tuyệt vời,chất lượng tuyệt vời. giá tốt. giao hàng nhanh bất ngờ. ,Tốt,0,2039219384,5,Nguyễn Văn Vĩnh,giao hàng nhanh bất ngờ ,POSITIVE,Tích cực
42,19000995,Tuyệt vời,"chuyên nghiệp, thân thiện. ",Tốt,0,2027902634,5,banhdangchilong,chuyên nghiệp  thân thiện ,NEUTRAL,Tích cực
46,18980485,Tuyệt vời,đẹp như mô tả. đóng gói kỹ lưỡng. giá tốt. giao hàng nhanh bất ngờ. ,Tốt,0,2018865126,5,Mai Phạm Thúy,đẹp như mô tả ,POSITIVE,Tích cực
46,18980485,Tuyệt vời,đẹp như mô tả. đóng gói kỹ lưỡng. giá tốt. giao hàng nhanh bất ngờ. ,Tốt,0,2018865126,5,Mai Phạm Thúy,đóng gói kỹ lưỡng ,POSITIVE,Tích cực
46,18980485,Tuyệt vời,đẹp như mô tả. đóng gói kỹ lưỡng. giá tốt. giao hàng nhanh bất ngờ. ,Tốt,0,2018865126,5,Mai Phạm Thúy,giá tốt ,POSITIVE,Tích cực
46,18980485,Tuyệt vời,đẹp như mô tả. đóng gói kỹ lưỡng. giá tốt. giao hàng nhanh bất ngờ. ,Tốt,0,2018865126,5,Mai Phạm Thúy,giao hàng nhanh bất ngờ ,POSITIVE,Tích cực
49,18977912,Tuyệt vời,đẹp như mô tả. đóng gói kỹ lưỡng. chất lượng tuyệt vời. giá tốt. giao hàng nhanh bất ngờ. ,Tốt,0,2021706611,5,SƠN nguyễn hải,đẹp như mô tả ,POSITIVE,Tích cực
49,18977912,Tuyệt vời,đẹp như mô tả. đóng gói kỹ lưỡng. chất lượng tuyệt vời. giá tốt. giao hàng nhanh bất ngờ. ,Tốt,0,2021706611,5,SƠN nguyễn hải,đóng gói kỹ lưỡng ,POSITIVE,Tích cực
49,18977912,Tuyệt vời,đẹp như mô tả. đóng gói kỹ lưỡng. chất lượng tuyệt vời. giá tốt. giao hàng nhanh bất ngờ. ,Tốt,0,2021706611,5,SƠN nguyễn hải,chất lượng tuyệt vời ,POSITIVE,Tích cực
49,18977912,Tuyệt vời,đẹp như mô tả. đóng gói kỹ lưỡng. chất lượng tuyệt vời. giá tốt. giao hàng nhanh bất ngờ. ,Tốt,0,2021706611,5,SƠN nguyễn hải,giá tốt ,POSITIVE,Tích cực
49,18977912,Tuyệt vời,đẹp như mô tả. đóng gói kỹ lưỡng. chất lượng tuyệt vời. giá tốt. giao hàng nhanh bất ngờ. ,Tốt,0,2021706611,5,SƠN nguyễn hải,giao hàng nhanh bất ngờ ,POSITIVE,Tích cực
50,18975732,Tuyệt vời,vưa y ,Tốt,0,2021836349,5,nguyen ngoc khanh,vưa y,NEGATIVE,Tích cực
51,18968788,Tuyệt vời,đẹp như mô tả. ,Tốt,0,2041399230,5,Nguyễn Văn Lợi,đẹp như mô tả ,POSITIVE,Tích cực
53,18964478,Tuyệt vời,đẹp như mô tả. chất lượng tuyệt vời. ,Tốt,0,2038257432,5,lamanhthachthi,đẹp như mô tả ,POSITIVE,Tích cực
53,18964478,Tuyệt vời,đẹp như mô tả. chất lượng tuyệt vời. ,Tốt,0,2038257432,5,lamanhthachthi,chất lượng tuyệt vời ,POSITIVE,Tích cực
54,18928755,Tuyệt vời,giá tốt. ,Tốt,0,2036789821,5,Pham van dan,giá tốt ,POSITIVE,Trung tính
57,18924906,Tuyệt vời,đẹp như mô tả. chất lượng tuyệt vời. giá tốt. ,Tốt,0,2038044512,5,Thị Ngọc Chế,đẹp như mô tả ,POSITIVE,Tích cực
57,18924906,Tuyệt vời,đẹp như mô tả. chất lượng tuyệt vời. giá tốt. ,Tốt,0,2038044512,5,Thị Ngọc Chế,chất lượng tuyệt vời ,POSITIVE,Tích cực
57,18924906,Tuyệt vời,đẹp như mô tả. chất lượng tuyệt vời. giá tốt. ,Tốt,0,2038044512,5,Thị Ngọc Chế,giá tốt ,POSITIVE,Tích cực
58,18914142,Tuyệt vời,"chuyên nghiệp, thân thiện. đẹp như mô tả. đóng gói kỹ lưỡng. chất lượng tuyệt vời. giá tốt. giao hàng nhanh bất ngờ. ",Tốt,0,2040658510,5,Đỗ thế Dũng,chuyên nghiệp  thân thiện ,POSITIVE,Tích cực
58,18914142,Tuyệt vời,"chuyên nghiệp, thân thiện. đẹp như mô tả. đóng gói kỹ lưỡng. chất lượng tuyệt vời. giá tốt. giao hàng nhanh bất ngờ. ",Tốt,0,2040658510,5,Đỗ thế Dũng,đẹp như mô tả ,POSITIVE,Tích cực
58,18914142,Tuyệt vời,"chuyên nghiệp, thân thiện. đẹp như mô tả. đóng gói kỹ lưỡng. chất lượng tuyệt vời. giá tốt. giao hàng nhanh bất ngờ. ",Tốt,0,2040658510,5,Đỗ thế Dũng,đóng gói kỹ lưỡng ,POSITIVE,Tích cực
58,18914142,Tuyệt vời,"chuyên nghiệp, thân thiện. đẹp như mô tả. đóng gói kỹ lưỡng. chất lượng tuyệt vời. giá tốt. giao hàng nhanh bất ngờ. ",Tốt,0,2040658510,5,Đỗ thế Dũng,chất lượng tuyệt vời ,POSITIVE,Tích cực
58,18914142,Tuyệt vời,"chuyên nghiệp, thân thiện. đẹp như mô tả. đóng gói kỹ lưỡng. chất lượng tuyệt vời. giá tốt. giao hàng nhanh bất ngờ. ",Tốt,0,2040658510,5,Đỗ thế Dũng,giá tốt ,POSITIVE,Tích cực
58,18914142,Tuyệt vời,"chuyên nghiệp, thân thiện. đẹp như mô tả. đóng gói kỹ lưỡng. chất lượng tuyệt vời. giá tốt. giao hàng nhanh bất ngờ. ",Tốt,0,2040658510,5,Đỗ thế Dũng,giao hàng nhanh bất ngờ ,POSITIVE,Tích cực
59,18886532,Không hài lòng,vải mỏng..quần hơi dài so với hình..,Xấu,0,2024492966,1,ni,vải mỏng  quần hơi dài so với hình ,NEGATIVE,Tiêu cực
65,18761659,Tuyệt vời,chất lượng tuyệt vời. giá tốt. giao hàng nhanh bất ngờ. ,Tốt,0,2036455792,5,hường tuấn,chất lượng tuyệt vời ,POSITIVE,Tích cực
65,18761659,Tuyệt vời,chất lượng tuyệt vời. giá tốt. giao hàng nhanh bất ngờ. ,Tốt,0,2036455792,5,hường tuấn,giá tốt ,POSITIVE,Tích cực
65,18761659,Tuyệt vời,chất lượng tuyệt vời. giá tốt. giao hàng nhanh bất ngờ. ,Tốt,0,2036455792,5,hường tuấn,giao hàng nhanh bất ngờ ,POSITIVE,Tích cực
66,18737290,Tuyệt vời,đẹp như mô tả. giao hàng nhanh bất ngờ. ,Tốt,0,2037649400,5,VŨ-LÂM,đẹp như mô tả ,POSITIVE,Tích cực
66,18737290,Tuyệt vời,đẹp như mô tả. giao hàng nhanh bất ngờ. ,Tốt,0,2037649400,5,VŨ-LÂM,giao hàng nhanh bất ngờ ,POSITIVE,Tích cực
67,18674427,Tạm hài lòng,giao hàng tạm ổn. ,Bình thường,0,2027876777,3,Đặng Tiến,giao hàng tạm ổn ,NEUTRAL,Trung tính
68,18670475,Tuyệt vời,đẹp như mô tả. đóng gói kỹ lưỡng. chất lượng tuyệt vời. ,Tốt,0,2030695440,5,nguyên mai khắc,đẹp như mô tả ,POSITIVE,Tích cực
68,18670475,Tuyệt vời,đẹp như mô tả. đóng gói kỹ lưỡng. chất lượng tuyệt vời. ,Tốt,0,2030695440,5,nguyên mai khắc,đóng gói kỹ lưỡng ,POSITIVE,Tích cực
68,18670475,Tuyệt vời,đẹp như mô tả. đóng gói kỹ lưỡng. chất lượng tuyệt vời. ,Tốt,0,2030695440,5,nguyên mai khắc,chất lượng tuyệt vời ,POSITIVE,Tích cực
69,18665114,Tuyệt vời,giá tốt. ,Tốt,0,2028986867,5,trinh nguyen,giá tốt ,POSITIVE,Trung tính
70,18638107,Tuyệt vời,"chuyên nghiệp, thân thiện. đẹp như mô tả. giao hàng nhanh bất ngờ. ",Tốt,0,2041032029,5,Bui Tham,chuyên nghiệp  thân thiện ,POSITIVE,Tích cực
70,18638107,Tuyệt vời,"chuyên nghiệp, thân thiện. đẹp như mô tả. giao hàng nhanh bất ngờ. ",Tốt,0,2041032029,5,Bui Tham,đẹp như mô tả ,POSITIVE,Tích cực
70,18638107,Tuyệt vời,"chuyên nghiệp, thân thiện. đẹp như mô tả. giao hàng nhanh bất ngờ. ",Tốt,0,2041032029,5,Bui Tham,giao hàng nhanh bất ngờ ,POSITIVE,Tích cực
71,18607372,Tuyệt vời,"chuyên nghiệp, thân thiện. đẹp như mô tả. đóng gói kỹ lưỡng. chất lượng tuyệt vời. giá tốt. giao hàng nhanh bất ngờ. ",Tốt,0,2032497126,5,Đông Phong Nguyễn,chuyên nghiệp  thân thiện ,POSITIVE,Tích cực
71,18607372,Tuyệt vời,"chuyên nghiệp, thân thiện. đẹp như mô tả. đóng gói kỹ lưỡng. chất lượng tuyệt vời. giá tốt. giao hàng nhanh bất ngờ. ",Tốt,0,2032497126,5,Đông Phong Nguyễn,đẹp như mô tả ,POSITIVE,Tích cực
71,18607372,Tuyệt vời,"chuyên nghiệp, thân thiện. đẹp như mô tả. đóng gói kỹ lưỡng. chất lượng tuyệt vời. giá tốt. giao hàng nhanh bất ngờ. ",Tốt,0,2032497126,5,Đông Phong Nguyễn,đóng gói kỹ lưỡng ,POSITIVE,Tích cực
71,18607372,Tuyệt vời,"chuyên nghiệp, thân thiện. đẹp như mô tả. đóng gói kỹ lưỡng. chất lượng tuyệt vời. giá tốt. giao hàng nhanh bất ngờ. ",Tốt,0,2032497126,5,Đông Phong Nguyễn,chất lượng tuyệt vời ,POSITIVE,Tích cực
71,18607372,Tuyệt vời,"chuyên nghiệp, thân thiện. đẹp như mô tả. đóng gói kỹ lưỡng. chất lượng tuyệt vời. giá tốt. giao hàng nhanh bất ngờ. ",Tốt,0,2032497126,5,Đông Phong Nguyễn,giá tốt ,POSITIVE,Tích cực
71,18607372,Tuyệt vời,"chuyên nghiệp, thân thiện. đẹp như mô tả. đóng gói kỹ lưỡng. chất lượng tuyệt vời. giá tốt. giao hàng nhanh bất ngờ. ",Tốt,0,2032497126,5,Đông Phong Nguyễn,giao hàng nhanh bất ngờ ,POSITIVE,Tích cực
72,18593955,Tuyệt vời,"chuyên nghiệp, thân thiện. đẹp như mô tả. chất lượng tuyệt vời. giá tốt. giao hàng nhanh bất ngờ. ",Tốt,0,2037858547,5,Đào Thị Minh Châm,chuyên nghiệp  thân thiện ,POSITIVE,Tích cực
72,18593955,Tuyệt vời,"chuyên nghiệp, thân thiện. đẹp như mô tả. chất lượng tuyệt vời. giá tốt. giao hàng nhanh bất ngờ. ",Tốt,0,2037858547,5,Đào Thị Minh Châm,đẹp như mô tả ,POSITIVE,Tích cực
72,18593955,Tuyệt vời,"chuyên nghiệp, thân thiện. đẹp như mô tả. chất lượng tuyệt vời. giá tốt. giao hàng nhanh bất ngờ. ",Tốt,0,2037858547,5,Đào Thị Minh Châm,chất lượng tuyệt vời ,POSITIVE,Tích cực
72,18593955,Tuyệt vời,"chuyên nghiệp, thân thiện. đẹp như mô tả. chất lượng tuyệt vời. giá tốt. giao hàng nhanh bất ngờ. ",Tốt,0,2037858547,5,Đào Thị Minh Châm,giá tốt ,POSITIVE,Tích cực
72,18593955,Tuyệt vời,"chuyên nghiệp, thân thiện. đẹp như mô tả. chất lượng tuyệt vời. giá tốt. giao hàng nhanh bất ngờ. ",Tốt,0,2037858547,5,Đào Thị Minh Châm,giao hàng nhanh bất ngờ ,POSITIVE,Tích cực
73,18590275,Tuyệt vời,giá tốt. thát vọng không có túi sau.,Tốt,0,2025810623,5,Trung Nguyễn Chí,giá tốt ,NEGATIVE,Tiêu cực
73,18590275,Tuyệt vời,giá tốt. thát vọng không có túi sau.,Tốt,0,2025810623,5,Trung Nguyễn Chí,thát vọng không có túi sau ,NEGATIVE,Tiêu cực
75,18562778,Tuyệt vời,"chuyên nghiệp, thân thiện. đẹp như mô tả. đóng gói kỹ lưỡng. ",Tốt,0,2016978508,5,Nga Ho,chuyên nghiệp  thân thiện ,POSITIVE,Tích cực
75,18562778,Tuyệt vời,"chuyên nghiệp, thân thiện. đẹp như mô tả. đóng gói kỹ lưỡng. ",Tốt,0,2016978508,5,Nga Ho,đẹp như mô tả ,POSITIVE,Tích cực
75,18562778,Tuyệt vời,"chuyên nghiệp, thân thiện. đẹp như mô tả. đóng gói kỹ lưỡng. ",Tốt,0,2016978508,5,Nga Ho,đóng gói kỹ lưỡng ,POSITIVE,Tích cực
76,18562412,Tuyệt vời,chất lượng tuyệt vời. giá tốt. giao hàng nhanh bất ngờ. ,Tốt,0,2040910172,5,Loan kỳ,chất lượng tuyệt vời ,POSITIVE,Tích cực
76,18562412,Tuyệt vời,chất lượng tuyệt vời. giá tốt. giao hàng nhanh bất ngờ. ,Tốt,0,2040910172,5,Loan kỳ,giá tốt ,POSITIVE,Tích cực
76,18562412,Tuyệt vời,chất lượng tuyệt vời. giá tốt. giao hàng nhanh bất ngờ. ,Tốt,0,2040910172,5,Loan kỳ,giao hàng nhanh bất ngờ ,POSITIVE,Tích cực
77,18550286,Tuyệt vời,đẹp như mô tả. ,Tốt,0,2028986652,5,Nguyễn Văn Trung,đẹp như mô tả ,POSITIVE,Tích cực
79,18542562,Tuyệt vời,đẹp như mô tả. ,Tốt,0,2014804921,5,Đánh giá ẩn danh,đẹp như mô tả ,POSITIVE,Tích cực
80,18542183,Tuyệt vời,"chuyên nghiệp, thân thiện. đẹp như mô tả. đóng gói kỹ lưỡng. chất lượng tuyệt vời. giá tốt. ",Tốt,0,2013835660,5,Dương Trí Dũng,chuyên nghiệp  thân thiện ,POSITIVE,Tích cực
80,18542183,Tuyệt vời,"chuyên nghiệp, thân thiện. đẹp như mô tả. đóng gói kỹ lưỡng. chất lượng tuyệt vời. giá tốt. ",Tốt,0,2013835660,5,Dương Trí Dũng,đẹp như mô tả ,POSITIVE,Tích cực
80,18542183,Tuyệt vời,"chuyên nghiệp, thân thiện. đẹp như mô tả. đóng gói kỹ lưỡng. chất lượng tuyệt vời. giá tốt. ",Tốt,0,2013835660,5,Dương Trí Dũng,đóng gói kỹ lưỡng ,POSITIVE,Tích cực
80,18542183,Tuyệt vời,"chuyên nghiệp, thân thiện. đẹp như mô tả. đóng gói kỹ lưỡng. chất lượng tuyệt vời. giá tốt. ",Tốt,0,2013835660,5,Dương Trí Dũng,chất lượng tuyệt vời ,POSITIVE,Tích cực
80,18542183,Tuyệt vời,"chuyên nghiệp, thân thiện. đẹp như mô tả. đóng gói kỹ lưỡng. chất lượng tuyệt vời. giá tốt. ",Tốt,0,2013835660,5,Dương Trí Dũng,giá tốt ,POSITIVE,Tích cực
81,18542184,Tuyệt vời,"chuyên nghiệp, thân thiện. đẹp như mô tả. đóng gói kỹ lưỡng. chất lượng tuyệt vời. giá tốt. ",Tốt,0,2013835660,5,Dương Trí Dũng,chuyên nghiệp  thân thiện ,POSITIVE,Tích cực
81,18542184,Tuyệt vời,"chuyên nghiệp, thân thiện. đẹp như mô tả. đóng gói kỹ lưỡng. chất lượng tuyệt vời. giá tốt. ",Tốt,0,2013835660,5,Dương Trí Dũng,đẹp như mô tả ,POSITIVE,Tích cực
81,18542184,Tuyệt vời,"chuyên nghiệp, thân thiện. đẹp như mô tả. đóng gói kỹ lưỡng. chất lượng tuyệt vời. giá tốt. ",Tốt,0,2013835660,5,Dương Trí Dũng,đóng gói kỹ lưỡng ,POSITIVE,Tích cực
81,18542184,Tuyệt vời,"chuyên nghiệp, thân thiện. đẹp như mô tả. đóng gói kỹ lưỡng. chất lượng tuyệt vời. giá tốt. ",Tốt,0,2013835660,5,Dương Trí Dũng,chất lượng tuyệt vời ,POSITIVE,Tích cực
81,18542184,Tuyệt vời,"chuyên nghiệp, thân thiện. đẹp như mô tả. đóng gói kỹ lưỡng. chất lượng tuyệt vời. giá tốt. ",Tốt,0,2013835660,5,Dương Trí Dũng,giá tốt ,POSITIVE,Tích cực
83,18539937,Tạm hài lòng,chất lượng ổn. ,Bình thường,0,2035187309,3,kim my,chất lượng ổn ,POSITIVE,Trung tính
84,18537463,Tuyệt vời,giá tốt. ,Tốt,0,2014260218,5,Tạ Đăng Quốc Vũ,giá tốt ,POSITIVE,Trung tính
85,18534092,Tuyệt vời,"chuyên nghiệp, thân thiện. đẹp như mô tả. đóng gói kỹ lưỡng. chất lượng tuyệt vời. ",Tốt,0,2038754985,5,Trần Huy Hiện,chuyên nghiệp  thân thiện ,POSITIVE,Tích cực
85,18534092,Tuyệt vời,"chuyên nghiệp, thân thiện. đẹp như mô tả. đóng gói kỹ lưỡng. chất lượng tuyệt vời. ",Tốt,0,2038754985,5,Trần Huy Hiện,đẹp như mô tả ,POSITIVE,Tích cực
85,18534092,Tuyệt vời,"chuyên nghiệp, thân thiện. đẹp như mô tả. đóng gói kỹ lưỡng. chất lượng tuyệt vời. ",Tốt,0,2038754985,5,Trần Huy Hiện,đóng gói kỹ lưỡng ,POSITIVE,Tích cực
85,18534092,Tuyệt vời,"chuyên nghiệp, thân thiện. đẹp như mô tả. đóng gói kỹ lưỡng. chất lượng tuyệt vời. ",Tốt,0,2038754985,5,Trần Huy Hiện,chất lượng tuyệt vời ,POSITIVE,Tích cực
86,18533142,Tuyệt vời,"đẹp như mô tả. đóng gói kỹ lưỡng. chất lượng tuyệt vời. giao hàng nhanh bất ngờ. chuyên nghiệp, thân thiện. giá tốt. ok",Tốt,0,236823,5,Dũng Hà,đẹp như mô tả ,POSITIVE,Tích cực
86,18533142,Tuyệt vời,"đẹp như mô tả. đóng gói kỹ lưỡng. chất lượng tuyệt vời. giao hàng nhanh bất ngờ. chuyên nghiệp, thân thiện. giá tốt. ok",Tốt,0,236823,5,Dũng Hà,đóng gói kỹ lưỡng ,POSITIVE,Tích cực
86,18533142,Tuyệt vời,"đẹp như mô tả. đóng gói kỹ lưỡng. chất lượng tuyệt vời. giao hàng nhanh bất ngờ. chuyên nghiệp, thân thiện. giá tốt. ok",Tốt,0,236823,5,Dũng Hà,chất lượng tuyệt vời ,POSITIVE,Tích cực
86,18533142,Tuyệt vời,"đẹp như mô tả. đóng gói kỹ lưỡng. chất lượng tuyệt vời. giao hàng nhanh bất ngờ. chuyên nghiệp, thân thiện. giá tốt. ok",Tốt,0,236823,5,Dũng Hà,giao hàng nhanh bất ngờ ,POSITIVE,Tích cực
86,18533142,Tuyệt vời,"đẹp như mô tả. đóng gói kỹ lưỡng. chất lượng tuyệt vời. giao hàng nhanh bất ngờ. chuyên nghiệp, thân thiện. giá tốt. ok",Tốt,0,236823,5,Dũng Hà,chuyên nghiệp  thân thiện ,POSITIVE,Tích cực
86,18533142,Tuyệt vời,"đẹp như mô tả. đóng gói kỹ lưỡng. chất lượng tuyệt vời. giao hàng nhanh bất ngờ. chuyên nghiệp, thân thiện. giá tốt. ok",Tốt,0,236823,5,Dũng Hà,giá tốt ,POSITIVE,Tích cực
86,18533142,Tuyệt vời,"đẹp như mô tả. đóng gói kỹ lưỡng. chất lượng tuyệt vời. giao hàng nhanh bất ngờ. chuyên nghiệp, thân thiện. giá tốt. ok",Tốt,0,236823,5,Dũng Hà,ok,POSITIVE,Tích cực
87,18532758,Tuyệt vời,"chuyên nghiệp, thân thiện. đẹp như mô tả. đóng gói kỹ lưỡng. giao hàng nhanh bất ngờ. ",Tốt,0,2027841077,5,anh dai,chuyên nghiệp  thân thiện ,POSITIVE,Tích cực
87,18532758,Tuyệt vời,"chuyên nghiệp, thân thiện. đẹp như mô tả. đóng gói kỹ lưỡng. giao hàng nhanh bất ngờ. ",Tốt,0,2027841077,5,anh dai,đẹp như mô tả ,POSITIVE,Tích cực
87,18532758,Tuyệt vời,"chuyên nghiệp, thân thiện. đẹp như mô tả. đóng gói kỹ lưỡng. giao hàng nhanh bất ngờ. ",Tốt,0,2027841077,5,anh dai,đóng gói kỹ lưỡng ,POSITIVE,Tích cực
87,18532758,Tuyệt vời,"chuyên nghiệp, thân thiện. đẹp như mô tả. đóng gói kỹ lưỡng. giao hàng nhanh bất ngờ. ",Tốt,0,2027841077,5,anh dai,giao hàng nhanh bất ngờ ,POSITIVE,Tích cực
89,18531889,Tuyệt vời,chất lượng như năm ngoái ổn định. tốt,Tốt,0,2020101886,5,minh minh,chất lượng như năm ngoái ổn định ,POSITIVE,Tích cực
89,18531889,Tuyệt vời,chất lượng như năm ngoái ổn định. tốt,Tốt,0,2020101886,5,minh minh,tốt,POSITIVE,Tích cực
90,18531104,Tuyệt vời,"chuyên nghiệp, thân thiện. đẹp như mô tả. đóng gói kỹ lưỡng. chất lượng tuyệt vời. giá tốt. giao hàng nhanh bất ngờ. ",Tốt,0,2032497126,5,Đông Phong Nguyễn,chuyên nghiệp  thân thiện ,POSITIVE,Tích cực
90,18531104,Tuyệt vời,"chuyên nghiệp, thân thiện. đẹp như mô tả. đóng gói kỹ lưỡng. chất lượng tuyệt vời. giá tốt. giao hàng nhanh bất ngờ. ",Tốt,0,2032497126,5,Đông Phong Nguyễn,đẹp như mô tả ,POSITIVE,Tích cực
90,18531104,Tuyệt vời,"chuyên nghiệp, thân thiện. đẹp như mô tả. đóng gói kỹ lưỡng. chất lượng tuyệt vời. giá tốt. giao hàng nhanh bất ngờ. ",Tốt,0,2032497126,5,Đông Phong Nguyễn,đóng gói kỹ lưỡng ,POSITIVE,Tích cực
90,18531104,Tuyệt vời,"chuyên nghiệp, thân thiện. đẹp như mô tả. đóng gói kỹ lưỡng. chất lượng tuyệt vời. giá tốt. giao hàng nhanh bất ngờ. ",Tốt,0,2032497126,5,Đông Phong Nguyễn,chất lượng tuyệt vời ,POSITIVE,Tích cực
90,18531104,Tuyệt vời,"chuyên nghiệp, thân thiện. đẹp như mô tả. đóng gói kỹ lưỡng. chất lượng tuyệt vời. giá tốt. giao hàng nhanh bất ngờ. ",Tốt,0,2032497126,5,Đông Phong Nguyễn,giá tốt ,POSITIVE,Tích cực
90,18531104,Tuyệt vời,"chuyên nghiệp, thân thiện. đẹp như mô tả. đóng gói kỹ lưỡng. chất lượng tuyệt vời. giá tốt. giao hàng nhanh bất ngờ. ",Tốt,0,2032497126,5,Đông Phong Nguyễn,giao hàng nhanh bất ngờ ,POSITIVE,Tích cực
94,18524664,Hài lòng,quần short ko cố túi hậu thật chán chỉ 4sao là ưu ái rồi,Tốt,0,2040061232,4,Nguyễn Mạnh Giang,quần short ko cố túi hậu thật chán chỉ 4 sao là ưu ái rồi,NEGATIVE,Tiêu cực
100,17209707,Tuyệt vời,đẹp như mô tả. ,Tốt,0,2022983012,5,Tím Lê Thị,đẹp như mô tả ,POSITIVE,Tích cực
101,17004085,Tuyệt vời,đẹp như mô tả. giá tốt. ,Tốt,0,2020766933,5,lelamhuynh,đẹp như mô tả ,POSITIVE,Tích cực
101,17004085,Tuyệt vời,đẹp như mô tả. giá tốt. ,Tốt,0,2020766933,5,lelamhuynh,giá tốt ,POSITIVE,Tích cực
104,16146467,Tuyệt vời,"chuyên nghiệp, thân thiện. ",Tốt,0,2037101956,5,Nguyễn Đức Dưỡng,chuyên nghiệp  thân thiện ,NEUTRAL,Tích cực
105,15987780,Tuyệt vời,đẹp như mô tả. ,Tốt,0,2022497660,5,Vương minh tuấn,đẹp như mô tả ,POSITIVE,Tích cực
106,15415133,Tạm hài lòng,giao hàng tạm ổn. ,Bình thường,0,2037333077,3,huỳnh thị lành,giao hàng tạm ổn ,NEUTRAL,Trung tính
107,15356937,Chưa hài lòng,"chất lượng cần tốt hơn. vải mỏng, quá tệ.",Xấu,0,2014995116,2,Hà Đức Minh,chất lượng cần tốt hơn ,NEGATIVE,Tiêu cực
107,15356937,Chưa hài lòng,"chất lượng cần tốt hơn. vải mỏng, quá tệ.",Xấu,0,2014995116,2,Hà Đức Minh,vải mỏng  quá tệ ,NEGATIVE,Tiêu cực
108,15311108,Không hài lòng,"đồ cũ,khuy quần đã mở rồi ",Xấu,0,2019631453,1,sen luu thi,đồ cũ  khuy quần đã mở rồi,NEGATIVE,Tiêu cực
109,15297184,Tuyệt vời,"chuyên nghiệp, thân thiện. đẹp như mô tả. giá tốt. ",Tốt,0,2019200927,5,Nguyen Hằng,chuyên nghiệp  thân thiện ,POSITIVE,Tích cực
109,15297184,Tuyệt vời,"chuyên nghiệp, thân thiện. đẹp như mô tả. giá tốt. ",Tốt,0,2019200927,5,Nguyen Hằng,đẹp như mô tả ,POSITIVE,Tích cực
109,15297184,Tuyệt vời,"chuyên nghiệp, thân thiện. đẹp như mô tả. giá tốt. ",Tốt,0,2019200927,5,Nguyen Hằng,giá tốt ,POSITIVE,Tích cực
110,15282837,Tuyệt vời,giao hàng nhanh bất ngờ. ,Tốt,0,2033480950,5,tuyet phan ngoc,giao hàng nhanh bất ngờ ,NEGATIVE,Tích cực
111,15261630,Tuyệt vời,"đóng gói kỹ lưỡng. giao hàng nhanh bất ngờ. hàng hơi mỏng, tốt.",Tốt,0,2036222692,5,Chi Dinh,đóng gói kỹ lưỡng ,POSITIVE,Tiêu cực
111,15261630,Tuyệt vời,"đóng gói kỹ lưỡng. giao hàng nhanh bất ngờ. hàng hơi mỏng, tốt.",Tốt,0,2036222692,5,Chi Dinh,giao hàng nhanh bất ngờ ,POSITIVE,Tiêu cực
111,15261630,Tuyệt vời,"đóng gói kỹ lưỡng. giao hàng nhanh bất ngờ. hàng hơi mỏng, tốt.",Tốt,0,2036222692,5,Chi Dinh,hàng hơi mỏng  tốt ,POSITIVE,Tiêu cực
114,15023129,Tuyệt vời,đẹp như mô tả. ,Tốt,0,2031272941,5,ngọc kim,đẹp như mô tả ,POSITIVE,Tích cực
115,14390421,Hài lòng,giá hợp lý. ,Tốt,0,2022329315,4,huy khánh,giá hợp lý ,POSITIVE,Tích cực
116,14370499,Tuyệt vời,đẹp như mô tả. chất lượng tuyệt vời. giao hàng nhanh bất ngờ. ,Tốt,0,2017943133,5,Cà Văn Thịnh,đẹp như mô tả ,POSITIVE,Tích cực
116,14370499,Tuyệt vời,đẹp như mô tả. chất lượng tuyệt vời. giao hàng nhanh bất ngờ. ,Tốt,0,2017943133,5,Cà Văn Thịnh,chất lượng tuyệt vời ,POSITIVE,Tích cực
116,14370499,Tuyệt vời,đẹp như mô tả. chất lượng tuyệt vời. giao hàng nhanh bất ngờ. ,Tốt,0,2017943133,5,Cà Văn Thịnh,giao hàng nhanh bất ngờ ,POSITIVE,Tích cực
117,14338414,Tuyệt vời,"chuyên nghiệp, thân thiện. đẹp như mô tả. chất lượng tuyệt vời. ",Tốt,0,2036505953,5,Vh11102012,chuyên nghiệp  thân thiện ,POSITIVE,Tích cực
117,14338414,Tuyệt vời,"chuyên nghiệp, thân thiện. đẹp như mô tả. chất lượng tuyệt vời. ",Tốt,0,2036505953,5,Vh11102012,đẹp như mô tả ,POSITIVE,Tích cực
117,14338414,Tuyệt vời,"chuyên nghiệp, thân thiện. đẹp như mô tả. chất lượng tuyệt vời. ",Tốt,0,2036505953,5,Vh11102012,chất lượng tuyệt vời ,POSITIVE,Tích cực
118,14322862,Tạm hài lòng,chất lượng ổn. giá hơi đắt. đóng gói kỹ. hình thức giống như mô tả. tuy nhiên chất lượng vải không cao như mong đợi. vải hơi mỏng. các túi may cạn quá ,Bình thường,1,2019111510,3,NGUYEN HOANG CHUONG,chất lượng ổn ,NEGATIVE,Tiêu cực
118,14322862,Tạm hài lòng,chất lượng ổn. giá hơi đắt. đóng gói kỹ. hình thức giống như mô tả. tuy nhiên chất lượng vải không cao như mong đợi. vải hơi mỏng. các túi may cạn quá ,Bình thường,1,2019111510,3,NGUYEN HOANG CHUONG,giá hơi đắt ,NEGATIVE,Tiêu cực
118,14322862,Tạm hài lòng,chất lượng ổn. giá hơi đắt. đóng gói kỹ. hình thức giống như mô tả. tuy nhiên chất lượng vải không cao như mong đợi. vải hơi mỏng. các túi may cạn quá ,Bình thường,1,2019111510,3,NGUYEN HOANG CHUONG,đóng gói kỹ ,NEGATIVE,Tiêu cực
118,14322862,Tạm hài lòng,chất lượng ổn. giá hơi đắt. đóng gói kỹ. hình thức giống như mô tả. tuy nhiên chất lượng vải không cao như mong đợi. vải hơi mỏng. các túi may cạn quá ,Bình thường,1,2019111510,3,NGUYEN HOANG CHUONG,hình thức giống như mô tả ,NEGATIVE,Tiêu cực
118,14322862,Tạm hài lòng,chất lượng ổn. giá hơi đắt. đóng gói kỹ. hình thức giống như mô tả. tuy nhiên chất lượng vải không cao như mong đợi. vải hơi mỏng. các túi may cạn quá ,Bình thường,1,2019111510,3,NGUYEN HOANG CHUONG,tuy nhiên chất lượng vải không cao như mong đợi ,NEGATIVE,Tiêu cực
118,14322862,Tạm hài lòng,chất lượng ổn. giá hơi đắt. đóng gói kỹ. hình thức giống như mô tả. tuy nhiên chất lượng vải không cao như mong đợi. vải hơi mỏng. các túi may cạn quá ,Bình thường,1,2019111510,3,NGUYEN HOANG CHUONG,vải hơi mỏng ,NEGATIVE,Tiêu cực
118,14322862,Tạm hài lòng,chất lượng ổn. giá hơi đắt. đóng gói kỹ. hình thức giống như mô tả. tuy nhiên chất lượng vải không cao như mong đợi. vải hơi mỏng. các túi may cạn quá ,Bình thường,1,2019111510,3,NGUYEN HOANG CHUONG,các túi may cạn quá,NEGATIVE,Tiêu cực
119,14258560,Tuyệt vời,"chuyên nghiệp, thân thiện. giá tốt. ",Tốt,0,2023140348,5,hoa vu thi,chuyên nghiệp  thân thiện ,NEUTRAL,Tích cực
119,14258560,Tuyệt vời,"chuyên nghiệp, thân thiện. giá tốt. ",Tốt,0,2023140348,5,hoa vu thi,giá tốt ,NEUTRAL,Tích cực
120,14246849,Tuyệt vời,đẹp như mô tả. chất lượng tuyệt vời. giá tốt. ,Tốt,0,2032960113,5,kiều tiên,đẹp như mô tả ,POSITIVE,Tích cực
120,14246849,Tuyệt vời,đẹp như mô tả. chất lượng tuyệt vời. giá tốt. ,Tốt,0,2032960113,5,kiều tiên,chất lượng tuyệt vời ,POSITIVE,Tích cực
120,14246849,Tuyệt vời,đẹp như mô tả. chất lượng tuyệt vời. giá tốt. ,Tốt,0,2032960113,5,kiều tiên,giá tốt ,POSITIVE,Tích cực
121,14214778,Tuyệt vời,"chuyên nghiệp, thân thiện. đẹp như mô tả. giá tốt. ",Tốt,0,2035084709,5,loc tran,chuyên nghiệp  thân thiện ,POSITIVE,Tích cực
121,14214778,Tuyệt vời,"chuyên nghiệp, thân thiện. đẹp như mô tả. giá tốt. ",Tốt,0,2035084709,5,loc tran,đẹp như mô tả ,POSITIVE,Tích cực
121,14214778,Tuyệt vời,"chuyên nghiệp, thân thiện. đẹp như mô tả. giá tốt. ",Tốt,0,2035084709,5,loc tran,giá tốt ,POSITIVE,Tích cực
122,14199655,Tuyệt vời,đẹp như mô tả. giá tốt. ,Tốt,0,2029440486,5,nguyenthit,đẹp như mô tả ,POSITIVE,Tích cực
122,14199655,Tuyệt vời,đẹp như mô tả. giá tốt. ,Tốt,0,2029440486,5,nguyenthit,giá tốt ,POSITIVE,Tích cực
125,14171522,Hài lòng,đóng gói kỹ. ok.,Tốt,0,2033843864,4,điền hoàng công,đóng gói kỹ ,POSITIVE,Tích cực
125,14171522,Hài lòng,đóng gói kỹ. ok.,Tốt,0,2033843864,4,điền hoàng công,ok ,POSITIVE,Tích cực
126,14163907,Tuyệt vời,đẹp như mô tả. ,Tốt,0,2017632794,5,ngan ngo thi,đẹp như mô tả ,POSITIVE,Tích cực
127,14162843,Hài lòng,đúng mô tả. giá hợp lý. ,Tốt,0,2030696468,4,hiếu trần thị,đúng mô tả ,POSITIVE,Tích cực
127,14162843,Hài lòng,đúng mô tả. giá hợp lý. ,Tốt,0,2030696468,4,hiếu trần thị,giá hợp lý ,POSITIVE,Tích cực
130,14149199,Tuyệt vời,đẹp như mô tả. chất lượng tuyệt vời. giá tốt. giao hàng nhanh bất ngờ. ,Tốt,0,2013173585,5,Anh Hoàng,đẹp như mô tả ,POSITIVE,Tích cực
130,14149199,Tuyệt vời,đẹp như mô tả. chất lượng tuyệt vời. giá tốt. giao hàng nhanh bất ngờ. ,Tốt,0,2013173585,5,Anh Hoàng,chất lượng tuyệt vời ,POSITIVE,Tích cực
130,14149199,Tuyệt vời,đẹp như mô tả. chất lượng tuyệt vời. giá tốt. giao hàng nhanh bất ngờ. ,Tốt,0,2013173585,5,Anh Hoàng,giá tốt ,POSITIVE,Tích cực
130,14149199,Tuyệt vời,đẹp như mô tả. chất lượng tuyệt vời. giá tốt. giao hàng nhanh bất ngờ. ,Tốt,0,2013173585,5,Anh Hoàng,giao hàng nhanh bất ngờ ,POSITIVE,Tích cực
132,14141741,Tuyệt vời,"chuyên nghiệp, thân thiện. đẹp như mô tả. đóng gói kỹ lưỡng. chất lượng tuyệt vời. giá tốt. ",Tốt,0,2024662135,5,Quang Nguyen,chuyên nghiệp  thân thiện ,POSITIVE,Tích cực
132,14141741,Tuyệt vời,"chuyên nghiệp, thân thiện. đẹp như mô tả. đóng gói kỹ lưỡng. chất lượng tuyệt vời. giá tốt. ",Tốt,0,2024662135,5,Quang Nguyen,đẹp như mô tả ,POSITIVE,Tích cực
132,14141741,Tuyệt vời,"chuyên nghiệp, thân thiện. đẹp như mô tả. đóng gói kỹ lưỡng. chất lượng tuyệt vời. giá tốt. ",Tốt,0,2024662135,5,Quang Nguyen,đóng gói kỹ lưỡng ,POSITIVE,Tích cực
132,14141741,Tuyệt vời,"chuyên nghiệp, thân thiện. đẹp như mô tả. đóng gói kỹ lưỡng. chất lượng tuyệt vời. giá tốt. ",Tốt,0,2024662135,5,Quang Nguyen,chất lượng tuyệt vời ,POSITIVE,Tích cực
132,14141741,Tuyệt vời,"chuyên nghiệp, thân thiện. đẹp như mô tả. đóng gói kỹ lưỡng. chất lượng tuyệt vời. giá tốt. ",Tốt,0,2024662135,5,Quang Nguyen,giá tốt ,POSITIVE,Tích cực
133,14138571,Tuyệt vời,đẹp như mô tả. chất lượng tuyệt vời. giá tốt. ,Tốt,0,2016201642,5,Đàm Thị Định,đẹp như mô tả ,POSITIVE,Tích cực
133,14138571,Tuyệt vời,đẹp như mô tả. chất lượng tuyệt vời. giá tốt. ,Tốt,0,2016201642,5,Đàm Thị Định,chất lượng tuyệt vời ,POSITIVE,Tích cực
133,14138571,Tuyệt vời,đẹp như mô tả. chất lượng tuyệt vời. giá tốt. ,Tốt,0,2016201642,5,Đàm Thị Định,giá tốt ,POSITIVE,Tích cực
134,14124203,Tuyệt vời,"chuyên nghiệp, thân thiện. đẹp như mô tả. đóng gói kỹ lưỡng. chất lượng tuyệt vời. giá tốt. giao hàng nhanh bất ngờ. toi chua tung mac cai quan nao dep nhu vay.mac quan nhu chia mac.vi chat luong vai mong ma mat.chat luong thi tuyet voi.co the minh se gioi thieu cho ban be.va mua them nua.cam on sop",Tốt,0,2034291926,5,pham phuong,chuyên nghiệp  thân thiện ,POSITIVE,Tích cực
134,14124203,Tuyệt vời,"chuyên nghiệp, thân thiện. đẹp như mô tả. đóng gói kỹ lưỡng. chất lượng tuyệt vời. giá tốt. giao hàng nhanh bất ngờ. toi chua tung mac cai quan nao dep nhu vay.mac quan nhu chia mac.vi chat luong vai mong ma mat.chat luong thi tuyet voi.co the minh se gioi thieu cho ban be.va mua them nua.cam on sop",Tốt,0,2034291926,5,pham phuong,đẹp như mô tả ,POSITIVE,Tích cực
134,14124203,Tuyệt vời,"chuyên nghiệp, thân thiện. đẹp như mô tả. đóng gói kỹ lưỡng. chất lượng tuyệt vời. giá tốt. giao hàng nhanh bất ngờ. toi chua tung mac cai quan nao dep nhu vay.mac quan nhu chia mac.vi chat luong vai mong ma mat.chat luong thi tuyet voi.co the minh se gioi thieu cho ban be.va mua them nua.cam on sop",Tốt,0,2034291926,5,pham phuong,đóng gói kỹ lưỡng ,POSITIVE,Tích cực
134,14124203,Tuyệt vời,"chuyên nghiệp, thân thiện. đẹp như mô tả. đóng gói kỹ lưỡng. chất lượng tuyệt vời. giá tốt. giao hàng nhanh bất ngờ. toi chua tung mac cai quan nao dep nhu vay.mac quan nhu chia mac.vi chat luong vai mong ma mat.chat luong thi tuyet voi.co the minh se gioi thieu cho ban be.va mua them nua.cam on sop",Tốt,0,2034291926,5,pham phuong,chất lượng tuyệt vời ,POSITIVE,Tích cực
134,14124203,Tuyệt vời,"chuyên nghiệp, thân thiện. đẹp như mô tả. đóng gói kỹ lưỡng. chất lượng tuyệt vời. giá tốt. giao hàng nhanh bất ngờ. toi chua tung mac cai quan nao dep nhu vay.mac quan nhu chia mac.vi chat luong vai mong ma mat.chat luong thi tuyet voi.co the minh se gioi thieu cho ban be.va mua them nua.cam on sop",Tốt,0,2034291926,5,pham phuong,giá tốt ,POSITIVE,Tích cực
134,14124203,Tuyệt vời,"chuyên nghiệp, thân thiện. đẹp như mô tả. đóng gói kỹ lưỡng. chất lượng tuyệt vời. giá tốt. giao hàng nhanh bất ngờ. toi chua tung mac cai quan nao dep nhu vay.mac quan nhu chia mac.vi chat luong vai mong ma mat.chat luong thi tuyet voi.co the minh se gioi thieu cho ban be.va mua them nua.cam on sop",Tốt,0,2034291926,5,pham phuong,giao hàng nhanh bất ngờ ,POSITIVE,Tích cực
134,14124203,Tuyệt vời,"chuyên nghiệp, thân thiện. đẹp như mô tả. đóng gói kỹ lưỡng. chất lượng tuyệt vời. giá tốt. giao hàng nhanh bất ngờ. toi chua tung mac cai quan nao dep nhu vay.mac quan nhu chia mac.vi chat luong vai mong ma mat.chat luong thi tuyet voi.co the minh se gioi thieu cho ban be.va mua them nua.cam on sop",Tốt,0,2034291926,5,pham phuong,toi chua tung mac cai quan nao dep nhu vaymac quan nhu chia macvi chat luong vai mong ma matchat luong thi tuyet voico the minh se gioi thieu cho ban beva mua them nuacam on sop,POSITIVE,Tích cực
135,14120865,Tuyệt vời,đẹp như mô tả. ,Tốt,0,2023833177,5,Trịnh Đình Tâm,đẹp như mô tả ,POSITIVE,Tích cực
136,14119862,Tuyệt vời,"chuyên nghiệp, thân thiện. ",Tốt,0,2027411368,5,chuột cu đen,chuyên nghiệp  thân thiện ,NEUTRAL,Tích cực
138,14113169,Không hài lòng,chất lượng cần tốt hơn. ,Xấu,0,2030781729,1,Nguyen Toan,chất lượng cần tốt hơn ,POSITIVE,Tích cực
139,14109538,Tuyệt vời,"chuyên nghiệp, thân thiện. đẹp như mô tả. đóng gói kỹ lưỡng. giá tốt. ",Tốt,0,2014124431,5,nguyễn Lan Anh,chuyên nghiệp  thân thiện ,POSITIVE,Tích cực
139,14109538,Tuyệt vời,"chuyên nghiệp, thân thiện. đẹp như mô tả. đóng gói kỹ lưỡng. giá tốt. ",Tốt,0,2014124431,5,nguyễn Lan Anh,đẹp như mô tả ,POSITIVE,Tích cực
139,14109538,Tuyệt vời,"chuyên nghiệp, thân thiện. đẹp như mô tả. đóng gói kỹ lưỡng. giá tốt. ",Tốt,0,2014124431,5,nguyễn Lan Anh,đóng gói kỹ lưỡng ,POSITIVE,Tích cực
139,14109538,Tuyệt vời,"chuyên nghiệp, thân thiện. đẹp như mô tả. đóng gói kỹ lưỡng. giá tốt. ",Tốt,0,2014124431,5,nguyễn Lan Anh,giá tốt ,POSITIVE,Tích cực
140,14106296,Tuyệt vời,"giá tốt hàng mặc nhẹ, mát.",Tốt,0,2035955305,5,Bùi Minh Sơn,giá tốt hàng mặc nhẹ  mát ,POSITIVE,Tích cực
141,14031151,Tuyệt vời,"quần đúng size, vải đẹp",Tốt,0,2013316958,5,Phạm Hoàn Hảo,quần đúng size  vải đẹp,POSITIVE,Tích cực
142,13969642,Tuyệt vời,đẹp như mô tả. chất lượng tuyệt vời. giá tốt. ,Tốt,0,2015004618,5,phongvan,đẹp như mô tả ,POSITIVE,Tích cực
142,13969642,Tuyệt vời,đẹp như mô tả. chất lượng tuyệt vời. giá tốt. ,Tốt,0,2015004618,5,phongvan,chất lượng tuyệt vời ,POSITIVE,Tích cực
142,13969642,Tuyệt vời,đẹp như mô tả. chất lượng tuyệt vời. giá tốt. ,Tốt,0,2015004618,5,phongvan,giá tốt ,POSITIVE,Tích cực
143,13968469,Tuyệt vời,đẹp như mô tả. mặc mát,Tốt,0,2018372464,5,Thư Tâm,đẹp như mô tả ,POSITIVE,Tích cực
143,13968469,Tuyệt vời,đẹp như mô tả. mặc mát,Tốt,0,2018372464,5,Thư Tâm,mặc mát,POSITIVE,Tích cực
144,13935767,Chưa hài lòng,chất lượng cần tốt hơn. cần đúng với mô tả. ,Xấu,0,2020980410,2,nhan nguyen,chất lượng cần tốt hơn ,POSITIVE,Tiêu cực
144,13935767,Chưa hài lòng,chất lượng cần tốt hơn. cần đúng với mô tả. ,Xấu,0,2020980410,2,nhan nguyen,cần đúng với mô tả ,POSITIVE,Tiêu cực
145,13920615,Tuyệt vời,"chuyên nghiệp, thân thiện. đẹp như mô tả. đóng gói kỹ lưỡng. chất lượng tuyệt vời. giá tốt. giao hàng nhanh bất ngờ. ",Tốt,0,2029063334,5,nguyenthilan nguyenthil,chuyên nghiệp  thân thiện ,POSITIVE,Tích cực
145,13920615,Tuyệt vời,"chuyên nghiệp, thân thiện. đẹp như mô tả. đóng gói kỹ lưỡng. chất lượng tuyệt vời. giá tốt. giao hàng nhanh bất ngờ. ",Tốt,0,2029063334,5,nguyenthilan nguyenthil,đẹp như mô tả ,POSITIVE,Tích cực
145,13920615,Tuyệt vời,"chuyên nghiệp, thân thiện. đẹp như mô tả. đóng gói kỹ lưỡng. chất lượng tuyệt vời. giá tốt. giao hàng nhanh bất ngờ. ",Tốt,0,2029063334,5,nguyenthilan nguyenthil,đóng gói kỹ lưỡng ,POSITIVE,Tích cực
145,13920615,Tuyệt vời,"chuyên nghiệp, thân thiện. đẹp như mô tả. đóng gói kỹ lưỡng. chất lượng tuyệt vời. giá tốt. giao hàng nhanh bất ngờ. ",Tốt,0,2029063334,5,nguyenthilan nguyenthil,chất lượng tuyệt vời ,POSITIVE,Tích cực
145,13920615,Tuyệt vời,"chuyên nghiệp, thân thiện. đẹp như mô tả. đóng gói kỹ lưỡng. chất lượng tuyệt vời. giá tốt. giao hàng nhanh bất ngờ. ",Tốt,0,2029063334,5,nguyenthilan nguyenthil,giá tốt ,POSITIVE,Tích cực
145,13920615,Tuyệt vời,"chuyên nghiệp, thân thiện. đẹp như mô tả. đóng gói kỹ lưỡng. chất lượng tuyệt vời. giá tốt. giao hàng nhanh bất ngờ. ",Tốt,0,2029063334,5,nguyenthilan nguyenthil,giao hàng nhanh bất ngờ ,POSITIVE,Tích cực
146,13918150,Tuyệt vời,giá tốt. ,Tốt,0,2014366541,5,Phạm Duy Hiển,giá tốt ,POSITIVE,Trung tính
149,13410055,Tuyệt vời,uy tín và chất lượng lưu ý về đường may là ok ,Tốt,0,2033754743,5,HồngLê ,uy tín và chất lượng lưu ý về đường may là ok,POSITIVE,Tích cực
150,13400907,Tuyệt vời,"chuyên nghiệp, thân thiện. đóng gói kỹ lưỡng. giá tốt. ",Tốt,0,2021931726,5,Bùi Ngọc Tuấn,chuyên nghiệp  thân thiện ,NEUTRAL,Tích cực
150,13400907,Tuyệt vời,"chuyên nghiệp, thân thiện. đóng gói kỹ lưỡng. giá tốt. ",Tốt,0,2021931726,5,Bùi Ngọc Tuấn,đóng gói kỹ lưỡng ,NEUTRAL,Tích cực
150,13400907,Tuyệt vời,"chuyên nghiệp, thân thiện. đóng gói kỹ lưỡng. giá tốt. ",Tốt,0,2021931726,5,Bùi Ngọc Tuấn,giá tốt ,NEUTRAL,Tích cực
151,13336544,Tuyệt vời,"đã mua lần thứ 2. cho cả chồng và ba. hàng tốt, giá mềm nhưng dc cái hài lòng",Tốt,0,2014970169,5,Dương Thùy,đã mua lần thứ 2  cho cả chồng và ba ,POSITIVE,Tích cực
151,13336544,Tuyệt vời,"đã mua lần thứ 2. cho cả chồng và ba. hàng tốt, giá mềm nhưng dc cái hài lòng",Tốt,0,2014970169,5,Dương Thùy,hàng tốt  giá mềm nhưng dc cái hài lòng,POSITIVE,Tích cực
152,13256453,Chưa hài lòng,"chất lượng cần tốt hơn. giao hàng cần nhanh hơn. vải rất xấu, mặc vào suôn ko đứng quần.",Xấu,0,2016491489,2,Huy Nguyen Thanh,chất lượng cần tốt hơn ,NEGATIVE,Tiêu cực
152,13256453,Chưa hài lòng,"chất lượng cần tốt hơn. giao hàng cần nhanh hơn. vải rất xấu, mặc vào suôn ko đứng quần.",Xấu,0,2016491489,2,Huy Nguyen Thanh,giao hàng cần nhanh hơn ,NEGATIVE,Tiêu cực
152,13256453,Chưa hài lòng,"chất lượng cần tốt hơn. giao hàng cần nhanh hơn. vải rất xấu, mặc vào suôn ko đứng quần.",Xấu,0,2016491489,2,Huy Nguyen Thanh,vải rất xấu  mặc vào suôn ko đứng quần ,NEGATIVE,Tiêu cực
153,13224410,Tuyệt vời,đóng gói kỹ lưỡng. hàng quá kém chất lượng. chăc bán 1 lần ko ai thèm mua. max mới có lần giăc xong bung hết chỉ. nói chung quá tệ.yêu câu sendo loại bỏ shop này khoi trang. co hinh ảnh cụ thể,Tốt,0,2033655692,5,luân nguyên,đóng gói kỹ lưỡng ,NEGATIVE,Tiêu cực
153,13224410,Tuyệt vời,đóng gói kỹ lưỡng. hàng quá kém chất lượng. chăc bán 1 lần ko ai thèm mua. max mới có lần giăc xong bung hết chỉ. nói chung quá tệ.yêu câu sendo loại bỏ shop này khoi trang. co hinh ảnh cụ thể,Tốt,0,2033655692,5,luân nguyên,hàng quá kém chất lượng ,NEGATIVE,Tiêu cực
153,13224410,Tuyệt vời,đóng gói kỹ lưỡng. hàng quá kém chất lượng. chăc bán 1 lần ko ai thèm mua. max mới có lần giăc xong bung hết chỉ. nói chung quá tệ.yêu câu sendo loại bỏ shop này khoi trang. co hinh ảnh cụ thể,Tốt,0,2033655692,5,luân nguyên,chăc bán 1 lần ko ai thèm mua ,NEGATIVE,Tiêu cực
153,13224410,Tuyệt vời,đóng gói kỹ lưỡng. hàng quá kém chất lượng. chăc bán 1 lần ko ai thèm mua. max mới có lần giăc xong bung hết chỉ. nói chung quá tệ.yêu câu sendo loại bỏ shop này khoi trang. co hinh ảnh cụ thể,Tốt,0,2033655692,5,luân nguyên,max mới có lần giăc xong bung hết chỉ ,NEGATIVE,Tiêu cực
153,13224410,Tuyệt vời,đóng gói kỹ lưỡng. hàng quá kém chất lượng. chăc bán 1 lần ko ai thèm mua. max mới có lần giăc xong bung hết chỉ. nói chung quá tệ.yêu câu sendo loại bỏ shop này khoi trang. co hinh ảnh cụ thể,Tốt,0,2033655692,5,luân nguyên,nói chung quá tệ  yêu câu sendo loại bỏ shop này khoi trang ,NEGATIVE,Tiêu cực
153,13224410,Tuyệt vời,đóng gói kỹ lưỡng. hàng quá kém chất lượng. chăc bán 1 lần ko ai thèm mua. max mới có lần giăc xong bung hết chỉ. nói chung quá tệ.yêu câu sendo loại bỏ shop này khoi trang. co hinh ảnh cụ thể,Tốt,0,2033655692,5,luân nguyên,co hinh ảnh cụ thể,NEGATIVE,Tiêu cực
154,13198551,Tuyệt vời,"chuyên nghiệp, thân thiện. ",Tốt,0,2016626552,5,ngoan Phan thi,chuyên nghiệp  thân thiện ,NEUTRAL,Tích cực
156,12950357,Tuyệt vời,giá tốt. ,Tốt,0,2035476042,5,lê tuấn linh,giá tốt ,POSITIVE,Trung tính
157,12941448,Tuyệt vời,đẹp như mô tả. ,Tốt,0,2020232968,5,Nguyễn Quốc Việt,đẹp như mô tả ,POSITIVE,Tích cực
159,12937640,Tuyệt vời,"quần đẹp, shop bán hàng uy tín, mọi ng hãy ủng hộ shop.",Tốt,0,2025050860,5,thiện hồ minh,quần đẹp  shop bán hàng uy tín  mọi ng hãy ủng hộ shop ,POSITIVE,Tích cực
160,12909535,Không hài lòng,"kg đáng 1 xu, cầm cái quần kg nói nên lời luôn   ",Xấu,2,2026253511,1,khang Tran nguyen,kg đáng 1 xu  cầm cái quần kg nói nên lời luôn,NEGATIVE,Tiêu cực
162,12905955,Tuyệt vời,giá tốt. giao hàng nhanh bất ngờ. ,Tốt,0,2033754743,5,HồngLê ,giá tốt ,POSITIVE,Tiêu cực
162,12905955,Tuyệt vời,giá tốt. giao hàng nhanh bất ngờ. ,Tốt,0,2033754743,5,HồngLê ,giao hàng nhanh bất ngờ ,POSITIVE,Tiêu cực
164,12874276,Tuyệt vời,đóng gói kỹ lưỡng. ,Tốt,0,2032784244,5,Lê Ny,đóng gói kỹ lưỡng ,NEUTRAL,Trung tính
165,12851753,Tạm hài lòng,sản phẩm/dịch vụ tương đối giống mô tả. ,Bình thường,0,2035498452,3,Thỏa Lo,sản phẩm  dịch vụ tương đối giống mô tả ,NEUTRAL,Trung tính
166,12848506,Tuyệt vời,chất lượng tuyệt vời. giá tốt. vải đẹp mát ,Tốt,0,2025621302,5,Huynh Minh Thu,chất lượng tuyệt vời ,POSITIVE,Tích cực
166,12848506,Tuyệt vời,chất lượng tuyệt vời. giá tốt. vải đẹp mát ,Tốt,0,2025621302,5,Huynh Minh Thu,giá tốt ,POSITIVE,Tích cực
166,12848506,Tuyệt vời,chất lượng tuyệt vời. giá tốt. vải đẹp mát ,Tốt,0,2025621302,5,Huynh Minh Thu,vải đẹp mát,POSITIVE,Tích cực
167,12844064,Tuyệt vời,"chuyên nghiệp, thân thiện. đẹp như mô tả. đóng gói kỹ lưỡng. chất lượng tuyệt vời. giá tốt. giao hàng nhanh bất ngờ. ",Tốt,0,2033315204,5,Đặng Công Trình,chuyên nghiệp  thân thiện ,POSITIVE,Tích cực
167,12844064,Tuyệt vời,"chuyên nghiệp, thân thiện. đẹp như mô tả. đóng gói kỹ lưỡng. chất lượng tuyệt vời. giá tốt. giao hàng nhanh bất ngờ. ",Tốt,0,2033315204,5,Đặng Công Trình,đẹp như mô tả ,POSITIVE,Tích cực
167,12844064,Tuyệt vời,"chuyên nghiệp, thân thiện. đẹp như mô tả. đóng gói kỹ lưỡng. chất lượng tuyệt vời. giá tốt. giao hàng nhanh bất ngờ. ",Tốt,0,2033315204,5,Đặng Công Trình,đóng gói kỹ lưỡng ,POSITIVE,Tích cực
167,12844064,Tuyệt vời,"chuyên nghiệp, thân thiện. đẹp như mô tả. đóng gói kỹ lưỡng. chất lượng tuyệt vời. giá tốt. giao hàng nhanh bất ngờ. ",Tốt,0,2033315204,5,Đặng Công Trình,chất lượng tuyệt vời ,POSITIVE,Tích cực
167,12844064,Tuyệt vời,"chuyên nghiệp, thân thiện. đẹp như mô tả. đóng gói kỹ lưỡng. chất lượng tuyệt vời. giá tốt. giao hàng nhanh bất ngờ. ",Tốt,0,2033315204,5,Đặng Công Trình,giá tốt ,POSITIVE,Tích cực
167,12844064,Tuyệt vời,"chuyên nghiệp, thân thiện. đẹp như mô tả. đóng gói kỹ lưỡng. chất lượng tuyệt vời. giá tốt. giao hàng nhanh bất ngờ. ",Tốt,0,2033315204,5,Đặng Công Trình,giao hàng nhanh bất ngờ ,POSITIVE,Tích cực
168,12842701,Hài lòng,dc. ,Tốt,0,2034980057,4,nguyễn hồng,dc ,NEGATIVE,Trung tính
169,12839589,Tuyệt vời,"chuyên nghiệp, thân thiện. đẹp như mô tả. đóng gói kỹ lưỡng. chất lượng tuyệt vời. giá tốt. giao hàng nhanh bất ngờ. ",Tốt,0,2026442490,5,Hường Võ Thị Như,chuyên nghiệp  thân thiện ,POSITIVE,Tích cực
169,12839589,Tuyệt vời,"chuyên nghiệp, thân thiện. đẹp như mô tả. đóng gói kỹ lưỡng. chất lượng tuyệt vời. giá tốt. giao hàng nhanh bất ngờ. ",Tốt,0,2026442490,5,Hường Võ Thị Như,đẹp như mô tả ,POSITIVE,Tích cực
169,12839589,Tuyệt vời,"chuyên nghiệp, thân thiện. đẹp như mô tả. đóng gói kỹ lưỡng. chất lượng tuyệt vời. giá tốt. giao hàng nhanh bất ngờ. ",Tốt,0,2026442490,5,Hường Võ Thị Như,đóng gói kỹ lưỡng ,POSITIVE,Tích cực
169,12839589,Tuyệt vời,"chuyên nghiệp, thân thiện. đẹp như mô tả. đóng gói kỹ lưỡng. chất lượng tuyệt vời. giá tốt. giao hàng nhanh bất ngờ. ",Tốt,0,2026442490,5,Hường Võ Thị Như,chất lượng tuyệt vời ,POSITIVE,Tích cực
169,12839589,Tuyệt vời,"chuyên nghiệp, thân thiện. đẹp như mô tả. đóng gói kỹ lưỡng. chất lượng tuyệt vời. giá tốt. giao hàng nhanh bất ngờ. ",Tốt,0,2026442490,5,Hường Võ Thị Như,giá tốt ,POSITIVE,Tích cực
169,12839589,Tuyệt vời,"chuyên nghiệp, thân thiện. đẹp như mô tả. đóng gói kỹ lưỡng. chất lượng tuyệt vời. giá tốt. giao hàng nhanh bất ngờ. ",Tốt,0,2026442490,5,Hường Võ Thị Như,giao hàng nhanh bất ngờ ,POSITIVE,Tích cực
170,12838800,Tuyệt vời,"chuyên nghiệp, thân thiện. đẹp như mô tả. ",Tốt,0,2025050860,5,thiện hồ minh,chuyên nghiệp  thân thiện ,POSITIVE,Tích cực
170,12838800,Tuyệt vời,"chuyên nghiệp, thân thiện. đẹp như mô tả. ",Tốt,0,2025050860,5,thiện hồ minh,đẹp như mô tả ,POSITIVE,Tích cực
171,12828831,Tuyệt vời,đẹp như mô tả. giá tốt. ,Tốt,0,2032893180,5,Hà hữu Huy,đẹp như mô tả ,POSITIVE,Tích cực
171,12828831,Tuyệt vời,đẹp như mô tả. giá tốt. ,Tốt,0,2032893180,5,Hà hữu Huy,giá tốt ,POSITIVE,Tích cực
172,12826777,Tạm hài lòng,chất lượng ổn. đúng mô tả. giao hàng tạm ổn. giá hơi đắt. chưa chuyên nghiệp. đóng gói kỹ. ,Bình thường,0,2016000686,3, Huynh van an,chất lượng ổn ,NEGATIVE,Trung tính
172,12826777,Tạm hài lòng,chất lượng ổn. đúng mô tả. giao hàng tạm ổn. giá hơi đắt. chưa chuyên nghiệp. đóng gói kỹ. ,Bình thường,0,2016000686,3, Huynh van an,đúng mô tả ,NEGATIVE,Trung tính
172,12826777,Tạm hài lòng,chất lượng ổn. đúng mô tả. giao hàng tạm ổn. giá hơi đắt. chưa chuyên nghiệp. đóng gói kỹ. ,Bình thường,0,2016000686,3, Huynh van an,giao hàng tạm ổn ,NEGATIVE,Trung tính
172,12826777,Tạm hài lòng,chất lượng ổn. đúng mô tả. giao hàng tạm ổn. giá hơi đắt. chưa chuyên nghiệp. đóng gói kỹ. ,Bình thường,0,2016000686,3, Huynh van an,giá hơi đắt ,NEGATIVE,Trung tính
172,12826777,Tạm hài lòng,chất lượng ổn. đúng mô tả. giao hàng tạm ổn. giá hơi đắt. chưa chuyên nghiệp. đóng gói kỹ. ,Bình thường,0,2016000686,3, Huynh van an,chưa chuyên nghiệp ,NEGATIVE,Trung tính
172,12826777,Tạm hài lòng,chất lượng ổn. đúng mô tả. giao hàng tạm ổn. giá hơi đắt. chưa chuyên nghiệp. đóng gói kỹ. ,Bình thường,0,2016000686,3, Huynh van an,đóng gói kỹ ,NEGATIVE,Trung tính
173,12825044,Tuyệt vời,đẹp như mô tả. ,Tốt,0,2026711003,5,Nguyen Hoanglam,đẹp như mô tả ,POSITIVE,Tích cực
174,12803585,Tuyệt vời,hàng y hình chất mát nên mua  ,Tốt,0,2021933963,5,nam dung,hàng y hình chất mát nên mua,NEUTRAL,Tích cực
175,12798889,Tuyệt vời,trời ơi tin được ko. hàng đẹp lắm luôn tuyệt vời. mọi người nên mua. ,Tốt,0,2017838938,5,Trần Thị Thanh Huyền,trời ơi tin được ko ,POSITIVE,Tích cực
175,12798889,Tuyệt vời,trời ơi tin được ko. hàng đẹp lắm luôn tuyệt vời. mọi người nên mua. ,Tốt,0,2017838938,5,Trần Thị Thanh Huyền,hàng đẹp lắm luôn tuyệt vời ,POSITIVE,Tích cực
175,12798889,Tuyệt vời,trời ơi tin được ko. hàng đẹp lắm luôn tuyệt vời. mọi người nên mua. ,Tốt,0,2017838938,5,Trần Thị Thanh Huyền,mọi người nên mua ,POSITIVE,Tích cực
177,12790252,Tuyệt vời,"sản phẩm/dịch vụ giống mô tả và tốt hơn mong đợi. chất lượng sản phẩm/dịch vụ rất tốt. hàng ok, nhưng nhiều chỉ thừa",Tốt,0,401472,5,Hoàng Thị Hải Yến Hải Yến,sản phẩm  dịch vụ giống mô tả và tốt hơn mong đợi ,POSITIVE,Tiêu cực
177,12790252,Tuyệt vời,"sản phẩm/dịch vụ giống mô tả và tốt hơn mong đợi. chất lượng sản phẩm/dịch vụ rất tốt. hàng ok, nhưng nhiều chỉ thừa",Tốt,0,401472,5,Hoàng Thị Hải Yến Hải Yến,chất lượng sản phẩm  dịch vụ rất tốt ,POSITIVE,Tiêu cực
177,12790252,Tuyệt vời,"sản phẩm/dịch vụ giống mô tả và tốt hơn mong đợi. chất lượng sản phẩm/dịch vụ rất tốt. hàng ok, nhưng nhiều chỉ thừa",Tốt,0,401472,5,Hoàng Thị Hải Yến Hải Yến,hàng ok  nhưng nhiều chỉ thừa,POSITIVE,Tiêu cực
178,12784651,Tuyệt vời,quần thì đẹp nhưng cái túi ngắn quá bỏ điện thoại hay bóp tiền để bị rơi,Tốt,0,2018799829,5,Tình Lê,quần thì đẹp nhưng cái túi ngắn quá bỏ điện thoại hay bóp tiền để bị rơi,NEGATIVE,Trung tính
180,12783488,Tuyệt vời,"sản phẩm/dịch vụ giống mô tả và tốt hơn mong đợi. chất lượng sản phẩm/dịch vụ rất tốt. gửi sản phẩm/vé dịch vụ nhanh. shop tư vấn, hướng dẫn cực kỳ nhiệt tình. túi sâu thêm tầm 3cm thì ok luôn. ",Tốt,0,2014880445,5,HÙNG phaM HUE ,sản phẩm  dịch vụ giống mô tả và tốt hơn mong đợi ,POSITIVE,Tiêu cực
180,12783488,Tuyệt vời,"sản phẩm/dịch vụ giống mô tả và tốt hơn mong đợi. chất lượng sản phẩm/dịch vụ rất tốt. gửi sản phẩm/vé dịch vụ nhanh. shop tư vấn, hướng dẫn cực kỳ nhiệt tình. túi sâu thêm tầm 3cm thì ok luôn. ",Tốt,0,2014880445,5,HÙNG phaM HUE ,chất lượng sản phẩm  dịch vụ rất tốt ,POSITIVE,Tiêu cực
180,12783488,Tuyệt vời,"sản phẩm/dịch vụ giống mô tả và tốt hơn mong đợi. chất lượng sản phẩm/dịch vụ rất tốt. gửi sản phẩm/vé dịch vụ nhanh. shop tư vấn, hướng dẫn cực kỳ nhiệt tình. túi sâu thêm tầm 3cm thì ok luôn. ",Tốt,0,2014880445,5,HÙNG phaM HUE ,gửi sản phẩm  vé dịch vụ nhanh ,POSITIVE,Tiêu cực
180,12783488,Tuyệt vời,"sản phẩm/dịch vụ giống mô tả và tốt hơn mong đợi. chất lượng sản phẩm/dịch vụ rất tốt. gửi sản phẩm/vé dịch vụ nhanh. shop tư vấn, hướng dẫn cực kỳ nhiệt tình. túi sâu thêm tầm 3cm thì ok luôn. ",Tốt,0,2014880445,5,HÙNG phaM HUE ,shop tư vấn  hướng dẫn cực kỳ nhiệt tình ,POSITIVE,Tiêu cực
180,12783488,Tuyệt vời,"sản phẩm/dịch vụ giống mô tả và tốt hơn mong đợi. chất lượng sản phẩm/dịch vụ rất tốt. gửi sản phẩm/vé dịch vụ nhanh. shop tư vấn, hướng dẫn cực kỳ nhiệt tình. túi sâu thêm tầm 3cm thì ok luôn. ",Tốt,0,2014880445,5,HÙNG phaM HUE ,túi sâu thêm tầm 3 cm thì ok luôn ,POSITIVE,Tiêu cực
181,12783216,Tuyệt vời,rất ưng ý,Tốt,0,2026281705,5,linh nguyễn,rất ưng ý,POSITIVE,Tích cực
183,12771804,Hài lòng,sản phẩm/dịch vụ giống mô tả. chất lượng sản phẩm/dịch vụ khá tốt. ,Tốt,0,2035113117,4,Tùng Hoang,sản phẩm  dịch vụ giống mô tả ,POSITIVE,Tiêu cực
183,12771804,Hài lòng,sản phẩm/dịch vụ giống mô tả. chất lượng sản phẩm/dịch vụ khá tốt. ,Tốt,0,2035113117,4,Tùng Hoang,chất lượng sản phẩm  dịch vụ khá tốt ,POSITIVE,Tiêu cực
185,12767358,Tuyệt vời,"gửi sản phẩm/vé dịch vụ nhanh. shop tư vấn, hướng dẫn cực kỳ nhiệt tình. chất đẹp . vải hơi mỏng. shop cực kì nhiệt tình. sẽ ủng hộ shop dài ",Tốt,0,2028567628,5,Trần Thùy Linh,gửi sản phẩm  vé dịch vụ nhanh ,POSITIVE,Tích cực
185,12767358,Tuyệt vời,"gửi sản phẩm/vé dịch vụ nhanh. shop tư vấn, hướng dẫn cực kỳ nhiệt tình. chất đẹp . vải hơi mỏng. shop cực kì nhiệt tình. sẽ ủng hộ shop dài ",Tốt,0,2028567628,5,Trần Thùy Linh,shop tư vấn  hướng dẫn cực kỳ nhiệt tình ,POSITIVE,Tích cực
185,12767358,Tuyệt vời,"gửi sản phẩm/vé dịch vụ nhanh. shop tư vấn, hướng dẫn cực kỳ nhiệt tình. chất đẹp . vải hơi mỏng. shop cực kì nhiệt tình. sẽ ủng hộ shop dài ",Tốt,0,2028567628,5,Trần Thùy Linh,chất đẹp ,POSITIVE,Tích cực
185,12767358,Tuyệt vời,"gửi sản phẩm/vé dịch vụ nhanh. shop tư vấn, hướng dẫn cực kỳ nhiệt tình. chất đẹp . vải hơi mỏng. shop cực kì nhiệt tình. sẽ ủng hộ shop dài ",Tốt,0,2028567628,5,Trần Thùy Linh,vải hơi mỏng ,POSITIVE,Tích cực
185,12767358,Tuyệt vời,"gửi sản phẩm/vé dịch vụ nhanh. shop tư vấn, hướng dẫn cực kỳ nhiệt tình. chất đẹp . vải hơi mỏng. shop cực kì nhiệt tình. sẽ ủng hộ shop dài ",Tốt,0,2028567628,5,Trần Thùy Linh,shop cực kì nhiệt tình ,POSITIVE,Tích cực
185,12767358,Tuyệt vời,"gửi sản phẩm/vé dịch vụ nhanh. shop tư vấn, hướng dẫn cực kỳ nhiệt tình. chất đẹp . vải hơi mỏng. shop cực kì nhiệt tình. sẽ ủng hộ shop dài ",Tốt,0,2028567628,5,Trần Thùy Linh,sẽ ủng hộ shop dài,POSITIVE,Tích cực
187,12766726,Tuyệt vời,sản phẩm/dịch vụ giống mô tả và tốt hơn mong đợi. chất lượng sản phẩm/dịch vụ rất tốt. ,Tốt,0,2030939577,5,Nguyễn Thảo,sản phẩm  dịch vụ giống mô tả và tốt hơn mong đợi ,POSITIVE,Tiêu cực
187,12766726,Tuyệt vời,sản phẩm/dịch vụ giống mô tả và tốt hơn mong đợi. chất lượng sản phẩm/dịch vụ rất tốt. ,Tốt,0,2030939577,5,Nguyễn Thảo,chất lượng sản phẩm  dịch vụ rất tốt ,POSITIVE,Tiêu cực
188,12766727,Tuyệt vời,sản phẩm/dịch vụ giống mô tả và tốt hơn mong đợi. chất lượng sản phẩm/dịch vụ rất tốt. ,Tốt,0,2030939577,5,Nguyễn Thảo,sản phẩm  dịch vụ giống mô tả và tốt hơn mong đợi ,POSITIVE,Tiêu cực
188,12766727,Tuyệt vời,sản phẩm/dịch vụ giống mô tả và tốt hơn mong đợi. chất lượng sản phẩm/dịch vụ rất tốt. ,Tốt,0,2030939577,5,Nguyễn Thảo,chất lượng sản phẩm  dịch vụ rất tốt ,POSITIVE,Tiêu cực
189,12763127,Tuyệt vời,"sản phẩm/dịch vụ giống mô tả và tốt hơn mong đợi. chất lượng sản phẩm/dịch vụ rất tốt. gửi sản phẩm/vé dịch vụ nhanh. shop tư vấn, hướng dẫn cực kỳ nhiệt tình. ",Tốt,1,2016550871,5,Nguyễn Thiện Phú,sản phẩm  dịch vụ giống mô tả và tốt hơn mong đợi ,POSITIVE,Tiêu cực
189,12763127,Tuyệt vời,"sản phẩm/dịch vụ giống mô tả và tốt hơn mong đợi. chất lượng sản phẩm/dịch vụ rất tốt. gửi sản phẩm/vé dịch vụ nhanh. shop tư vấn, hướng dẫn cực kỳ nhiệt tình. ",Tốt,1,2016550871,5,Nguyễn Thiện Phú,chất lượng sản phẩm  dịch vụ rất tốt ,POSITIVE,Tiêu cực
189,12763127,Tuyệt vời,"sản phẩm/dịch vụ giống mô tả và tốt hơn mong đợi. chất lượng sản phẩm/dịch vụ rất tốt. gửi sản phẩm/vé dịch vụ nhanh. shop tư vấn, hướng dẫn cực kỳ nhiệt tình. ",Tốt,1,2016550871,5,Nguyễn Thiện Phú,gửi sản phẩm  vé dịch vụ nhanh ,POSITIVE,Tiêu cực
189,12763127,Tuyệt vời,"sản phẩm/dịch vụ giống mô tả và tốt hơn mong đợi. chất lượng sản phẩm/dịch vụ rất tốt. gửi sản phẩm/vé dịch vụ nhanh. shop tư vấn, hướng dẫn cực kỳ nhiệt tình. ",Tốt,1,2016550871,5,Nguyễn Thiện Phú,shop tư vấn  hướng dẫn cực kỳ nhiệt tình ,POSITIVE,Tiêu cực
190,12757660,Tuyệt vời,đóng gói kỹ lưỡng. ,Tốt,0,2035476042,5,lê tuấn linh,đóng gói kỹ lưỡng ,NEUTRAL,Trung tính
192,12740392,Tuyệt vời,giá tốt. ,Tốt,0,2024473267,5,hoàng hải,giá tốt ,POSITIVE,Trung tính
193,12730401,Hài lòng,"ngoài xxl, trong sz m, chất mát.",Tốt,0,2029740128,4,Le Thom,ngoài xxl  trong sz m  chất mát ,POSITIVE,Tích cực
